{"type":"FeatureCollection","name":"municipality_boundaries","crs":{"type":"name","properties":{"name":"urn:ogc:def:crs:OGC:1.3:CRS84"}},"features":[{"type":"Feature","properties":{"municipality":"Rotterdam","code":"GM0599"},"geometry":{"type":"MultiLineString","coordinates":[[[4.125303,52.001641],[4.124925,52.001334],[4.124588,52.001096],[4.124454,52.001002],[4.123602,52.000402],[4.122331,51.999565],[4.120746,51.998677],[4.119434,51.997926],[4.118132,51.997094],[4.116999,51.996282],[4.116054,51.995649],[4.114736,51.994821],[4.114453,51.994642],[4.114063,51.994396],[4.112791,51.993592],[4.111299,51.992686],[4.110139,51.992003],[4.108547,51.991101],[4.106771,51.990135],[4.106421,51.989956],[4.1062,51.989843],[4.105298,51.989382],[4.103012,51.988225],[4.10297,51.988203],[4.102612,51.988019],[4.101668,51.987535],[4.10037,51.986869],[4.09949,51.986379],[4.098459,51.985801],[4.097807,51.985452],[4.097017,51.985048],[4.096632,51.984783],[4.096483,51.984605],[4.09645,51.984409],[4.09642,51.984286],[4.096134,51.984354],[4.096134,51.984354],[4.096133,51.984354],[4.096133,51.984354],[4.096132,51.984354],[4.096132,51.984354],[4.096132,51.984354],[4.096132,51.984354],[4.096131,51.984354],[4.096045,51.984364],[4.096043,51.984365],[4.096042,51.984365],[4.096042,51.984365],[4.09604,51.984365],[4.095275,51.98454],[4.095211,51.984555],[4.095211,51.984555],[4.095019,51.9846],[4.094807,51.98465],[4.094806,51.98465],[4.094757,51.984662],[4.094757,51.984662],[4.094756,51.984662],[4.094756,51.984662],[4.094756,51.984662],[4.094749,51.984663],[4.094626,51.984686],[4.094592,51.984692],[4.094592,51.984692],[4.094592,51.984692],[4.094591,51.984693],[4.094591,51.984693],[4.094187,51.984787],[4.094186,51.984787],[4.09405,51.984818],[4.09344,51.984956],[4.093404,51.984964],[4.093337,51.984979],[4.093337,51.984979],[4.093337,51.98498],[4.093337,51.98498],[4.093336,51.98498],[4.093336,51.98498],[4.093336,51.98498],[4.093139,51.985017],[4.093133,51.985018],[4.093124,51.98502],[4.093124,51.98502],[4.093124,51.98502],[4.093124,51.98502],[4.093123,51.98502],[4.093123,51.98502],[4.092884,51.985072],[4.092665,51.98512],[4.092653,51.985123],[4.092494,51.985158],[4.092235,51.985215],[4.092235,51.985215],[4.092053,51.985254],[4.091759,51.985317],[4.091759,51.985318],[4.091758,51.985318],[4.091758,51.985318],[4.091758,51.985318],[4.091758,51.985318],[4.091723,51.985324],[4.091616,51.985345],[4.091616,51.985345],[4.091615,51.985345],[4.091615,51.985345],[4.091052,51.985464],[4.091052,51.985464],[4.090284,51.985633],[4.090284,51.985633],[4.090284,51.985633],[4.090283,51.985633],[4.090283,51.985633],[4.090283,51.985633],[4.090283,51.985633],[4.090282,51.985633],[4.090282,51.985633],[4.090156,51.985652],[4.090153,51.985652],[4.090153,51.985652],[4.090153,51.985652],[4.090153,51.985652],[4.090153,51.985652],[4.090152,51.985652],[4.090152,51.985652],[4.090152,51.985652],[4.090152,51.985652],[4.090123,51.985659],[4.090123,51.985659],[4.089247,51.985848],[4.089247,51.985848],[4.088805,51.985941],[4.088805,51.985941],[4.088805,51.985941],[4.088805,51.985941],[4.088805,51.985941],[4.088805,51.985941],[4.088805,51.985941],[4.088804,51.985941],[4.088578,51.985979],[4.088578,51.985979],[4.088578,51.985979],[4.088578,51.985979],[4.088577,51.985979],[4.08794,51.986115],[4.08794,51.986115],[4.08794,51.986115],[4.087468,51.986212],[4.087343,51.986237],[4.087343,51.986237],[4.087342,51.986237],[4.087342,51.986237],[4.087342,51.986237],[4.087342,51.986237],[4.086988,51.9863],[4.086988,51.9863],[4.086988,51.9863],[4.086988,51.9863],[4.086988,51.9863],[4.085815,51.986538],[4.085815,51.986538],[4.085815,51.986538],[4.085815,51.986538],[4.085815,51.986538],[4.085815,51.986538],[4.085814,51.986538],[4.085604,51.986573],[4.085604,51.986573],[4.085603,51.986573],[4.085603,51.986574],[4.085603,51.986574],[4.084421,51.986823],[4.084421,51.986823],[4.08442,51.986823],[4.084412,51.986825],[4.084228,51.986859],[4.084228,51.986859],[4.084228,51.986859],[4.084044,51.986897],[4.084043,51.986897],[4.084043,51.986897],[4.084042,51.986897],[4.084041,51.986897],[4.084041,51.986897],[4.084041,51.986897],[4.084041,51.986897],[4.08404,51.986897],[4.084039,51.986897],[4.083962,51.986903],[4.08396,51.986903],[4.083958,51.986903],[4.083958,51.986903],[4.083951,51.986904],[4.083951,51.986904],[4.083951,51.986904],[4.083951,51.986904],[4.08395,51.986903],[4.083946,51.986901],[4.083945,51.986901],[4.083942,51.9869],[4.083894,51.986879],[4.083894,51.986879],[4.08389,51.986877],[4.08389,51.986877],[4.08389,51.986877],[4.08389,51.986877],[4.08389,51.986877],[4.083888,51.986875],[4.083888,51.986875],[4.083888,51.986875],[4.083885,51.986871],[4.083866,51.986851],[4.083864,51.986848],[4.083862,51.986846],[4.083861,51.986846],[4.083861,51.986846],[4.083857,51.986845],[4.083857,51.986845],[4.083857,51.986845],[4.083814,51.986833],[4.083771,51.986822],[4.083767,51.986821],[4.083767,51.986821],[4.083767,51.986821],[4.083767,51.986821],[4.083762,51.986822],[4.083762,51.986822],[4.083751,51.986824],[4.083682,51.986835],[4.083681,51.986835],[4.083681,51.986835],[4.083681,51.986835],[4.08368,51.986835],[4.083348,51.98691],[4.083348,51.98691],[4.083348,51.98691],[4.073769,51.988918],[4.073306,51.989015],[4.073263,51.989024],[4.073077,51.989063],[4.072074,51.989274],[4.070686,51.989567],[4.070685,51.989567],[4.070685,51.989567],[4.070685,51.989567],[4.070685,51.989567],[4.070685,51.989568],[4.070564,51.989589],[4.070564,51.989589],[4.070564,51.989589],[4.070563,51.989589],[4.070563,51.989589],[4.069372,51.989856],[4.069372,51.989856],[4.069372,51.989856],[4.069372,51.989856],[4.069371,51.989856],[4.069213,51.989887],[4.069213,51.989888],[4.069212,51.989888],[4.069212,51.989888],[4.069212,51.989888],[4.069084,51.989909],[4.069084,51.989909],[4.069083,51.989909],[4.069083,51.989909],[4.069083,51.989909],[4.068466,51.990045],[4.068466,51.990045],[4.068466,51.990045],[4.068466,51.990045],[4.067791,51.990185],[4.067621,51.990221],[4.066243,51.990512],[4.066243,51.990512],[4.066242,51.990512],[4.065588,51.990643],[4.065588,51.990643],[4.065587,51.990643],[4.065497,51.990663],[4.064758,51.99082],[4.064758,51.990821],[4.064758,51.990821],[4.064757,51.990821],[4.064757,51.990821],[4.064757,51.990821],[4.064634,51.990841],[4.064634,51.990841],[4.064633,51.990841],[4.064633,51.990841],[4.064633,51.990841],[4.064633,51.990841],[4.063249,51.991125],[4.063044,51.991168],[4.063044,51.991168],[4.061773,51.991437],[4.061773,51.991437],[4.061773,51.991437],[4.061773,51.991437],[4.061773,51.991437],[4.061656,51.991459],[4.061656,51.991459],[4.061656,51.991459],[4.061337,51.991523],[4.061291,51.991533],[4.061081,51.991575],[4.060358,51.991723],[4.060358,51.991723],[4.060358,51.991723],[4.059664,51.991857],[4.059466,51.991895],[4.059465,51.991895],[4.059465,51.991895],[4.059465,51.991895],[4.059465,51.991895],[4.058774,51.992042],[4.058774,51.992042],[4.058774,51.992042],[4.058774,51.992042],[4.058774,51.992042],[4.058773,51.992042],[4.058613,51.992069],[4.058612,51.992069],[4.058612,51.992069],[4.058612,51.992069],[4.058612,51.99207],[4.057752,51.99225],[4.057752,51.99225],[4.056884,51.992422],[4.056884,51.992422],[4.056772,51.992446],[4.05614,51.992578],[4.05614,51.992578],[4.05614,51.992578],[4.055384,51.992727],[4.055384,51.992727],[4.055384,51.992728],[4.05463,51.992886],[4.05463,51.992886],[4.054062,51.993],[4.053822,51.993049],[4.053822,51.993049],[4.053822,51.993049],[4.053016,51.993222],[4.053016,51.993222],[4.051289,51.993585],[4.050946,51.993657],[4.050946,51.993657],[4.050946,51.993657],[4.050257,51.993807],[4.050257,51.993807],[4.050158,51.993829],[4.049839,51.993901],[4.049839,51.993901],[4.049839,51.993901],[4.049839,51.993901],[4.049838,51.993901],[4.049838,51.993901],[4.049838,51.993901],[4.049695,51.993924],[4.049695,51.993924],[4.049694,51.993924],[4.049694,51.993924],[4.049694,51.993924],[4.049694,51.993924],[4.048498,51.994183],[4.048498,51.994183],[4.048497,51.994183],[4.048177,51.994247],[4.048177,51.994247],[4.048177,51.994247],[4.048164,51.99425],[4.048026,51.99428],[4.048026,51.99428],[4.048025,51.99428],[4.048025,51.99428],[4.048025,51.99428],[4.048024,51.994281],[4.048024,51.994281],[4.047984,51.994295],[4.047929,51.994314],[4.047928,51.994314],[4.047928,51.994314],[4.047927,51.994314],[4.047926,51.994315],[4.047926,51.994315],[4.047856,51.994359],[4.047855,51.994359],[4.047854,51.994359],[4.047854,51.994359],[4.047854,51.99436],[4.047854,51.99436],[4.047854,51.99436],[4.047776,51.994433],[4.047776,51.994433],[4.047776,51.994433],[4.047776,51.994433],[4.047776,51.994433],[4.047776,51.994433],[4.047775,51.994434],[4.047775,51.994434],[4.047772,51.994437],[4.047761,51.994451],[4.04773,51.994489],[4.047699,51.994527],[4.047699,51.994527],[4.047699,51.994527],[4.047699,51.994527],[4.047699,51.994527],[4.047699,51.994527],[4.047698,51.994527],[4.047675,51.994562],[4.047666,51.994575],[4.047666,51.994575],[4.047666,51.994575],[4.047656,51.994588],[4.047645,51.994603],[4.0476,51.994665],[4.047599,51.994665],[4.047598,51.994667],[4.047598,51.994667],[4.047598,51.994667],[4.047598,51.994667],[4.047596,51.994668],[4.047596,51.994668],[4.047596,51.994669],[4.047531,51.994708],[4.047527,51.994711],[4.047527,51.994711],[4.047526,51.994711],[4.047525,51.994712],[4.047525,51.994712],[4.047525,51.994712],[4.047524,51.994712],[4.047524,51.994713],[4.047523,51.994713],[4.047518,51.994715],[4.047429,51.994746],[4.047429,51.994746],[4.047428,51.994746],[4.047428,51.994746],[4.047425,51.994747],[4.047425,51.994747],[4.047425,51.994747],[4.047421,51.994748],[4.047421,51.994748],[4.047342,51.994753],[4.047341,51.994753],[4.047341,51.994753],[4.047341,51.994753],[4.04734,51.994753],[4.047277,51.994753],[4.047277,51.994753],[4.047276,51.994753],[4.047276,51.994753],[4.047276,51.994753],[4.047276,51.994753],[4.047246,51.994751],[4.047217,51.994748],[4.047216,51.994748],[4.047216,51.994748],[4.047214,51.994748],[4.047213,51.994748],[4.047212,51.994748],[4.047212,51.994748],[4.047209,51.994747],[4.047209,51.994747],[4.047121,51.994716],[4.047121,51.994716],[4.04712,51.994715],[4.04712,51.994715],[4.047119,51.994715],[4.047119,51.994715],[4.047118,51.994714],[4.047118,51.994714],[4.047106,51.994707],[4.047071,51.994687],[4.047049,51.994674],[4.047049,51.994674],[4.047047,51.994673],[4.047047,51.994673],[4.047046,51.994673],[4.047045,51.994671],[4.047045,51.994671],[4.04702,51.994643],[4.047005,51.994626],[4.047005,51.994626],[4.047004,51.994626],[4.047004,51.994625],[4.047004,51.994625],[4.047003,51.994625],[4.047003,51.994625],[4.047003,51.994624],[4.047003,51.994624],[4.047001,51.99462],[4.046988,51.994585],[4.046987,51.994585],[4.046986,51.994582],[4.046986,51.994582],[4.046986,51.994582],[4.046987,51.99458],[4.046987,51.994579],[4.046987,51.994579],[4.046987,51.994579],[4.046987,51.994579],[4.047017,51.994492],[4.047049,51.994397],[4.047049,51.994397],[4.04705,51.994395],[4.04705,51.994395],[4.04705,51.994395],[4.047051,51.994394],[4.047052,51.994393],[4.047052,51.994393],[4.047064,51.994381],[4.047064,51.99438],[4.047073,51.994372],[4.047074,51.994371],[4.047075,51.99437],[4.047075,51.99437],[4.047076,51.994369],[4.047078,51.994368],[4.047078,51.994368],[4.047079,51.994368],[4.047139,51.994341],[4.047142,51.994339],[4.047146,51.994338],[4.047147,51.994337],[4.047148,51.994337],[4.047144,51.99433],[4.047144,51.99433],[4.047143,51.994328],[4.047034,51.994158],[4.046944,51.994017],[4.046481,51.993294],[4.046302,51.993013],[4.045929,51.99243],[4.045602,51.991918],[4.044648,51.990425],[4.044296,51.989874],[4.044295,51.989872],[4.043383,51.988445],[4.042777,51.987497],[4.042262,51.986692],[4.042056,51.986368],[4.041892,51.986113],[4.041892,51.986112],[4.041891,51.986111],[4.041891,51.986111],[4.041891,51.986111],[4.04189,51.98611],[4.04189,51.98611],[4.041867,51.986093],[4.041704,51.985974],[4.041703,51.985974],[4.041702,51.985973],[4.041695,51.985968],[4.041692,51.985969],[4.041686,51.985971],[4.041685,51.985971],[4.041602,51.985993],[4.0416,51.985994],[4.0416,51.985994],[4.0416,51.985994],[4.041599,51.985994],[4.041598,51.985994],[4.041598,51.985994],[4.041598,51.985994],[4.041598,51.985994],[4.041598,51.985995],[4.041597,51.985995],[4.041596,51.985995],[4.041596,51.985995],[4.041587,51.985996],[4.041541,51.986],[4.041495,51.986005],[4.041495,51.986005],[4.041494,51.986005],[4.041494,51.986005],[4.041494,51.986005],[4.041494,51.986006],[4.041494,51.986006],[4.041484,51.986007],[4.041484,51.986007],[4.041396,51.986021],[4.041381,51.986024],[4.04138,51.986024],[4.04138,51.986024],[4.04138,51.986024],[4.04138,51.986024],[4.04138,51.986024],[4.041379,51.986024],[4.041379,51.986024],[4.041228,51.986059],[4.041228,51.986059],[4.041228,51.986059],[4.041228,51.986059],[4.041042,51.986105],[4.041042,51.986105],[4.041042,51.986105],[4.04054,51.986236],[4.040396,51.986273],[4.039609,51.986478],[4.038904,51.986661],[4.038904,51.986661],[4.038904,51.986661],[4.038904,51.986661],[4.038704,51.986709],[4.038692,51.986712],[4.038481,51.986762],[4.03848,51.986762],[4.038273,51.986814],[4.038113,51.986854],[4.038002,51.986881],[4.037963,51.986891],[4.037963,51.986891],[4.037963,51.986891],[4.037962,51.986891],[4.037962,51.986891],[4.037947,51.986894],[4.03755,51.986984],[4.037507,51.986993],[4.037507,51.986993],[4.037507,51.986993],[4.037507,51.986993],[4.037507,51.986993],[4.037507,51.986993],[4.037507,51.986993],[4.03707,51.987078],[4.03707,51.987078],[4.037069,51.987078],[4.037069,51.987078],[4.037069,51.987078],[4.036657,51.987167],[4.036657,51.987167],[4.036656,51.987167],[4.036656,51.987167],[4.036655,51.987168],[4.036282,51.987235],[4.036281,51.987235],[4.036281,51.987235],[4.036281,51.987235],[4.036281,51.987235],[4.036281,51.987235],[4.03596,51.987282],[4.035738,51.987315],[4.035738,51.987315],[4.035737,51.987315],[4.035737,51.987315],[4.035737,51.987315],[4.035737,51.987315],[4.035737,51.987315],[4.035737,51.987315],[4.035734,51.987315],[4.035718,51.987316],[4.035695,51.987318],[4.035584,51.987328],[4.035579,51.987328],[4.035579,51.987328],[4.035579,51.987328],[4.035579,51.987328],[4.035578,51.987328],[4.03555,51.987332],[4.035485,51.98734],[4.035485,51.98734],[4.035482,51.98734],[4.035424,51.987348],[4.035366,51.987355],[4.035365,51.987355],[4.035365,51.987355],[4.035365,51.987355],[4.035296,51.987362],[4.035076,51.987385],[4.034915,51.987401],[4.034888,51.987404],[4.034872,51.987406],[4.034852,51.987408],[4.034852,51.987408],[4.034852,51.987408],[4.034788,51.987415],[4.034767,51.987417],[4.034716,51.987423],[4.034716,51.987423],[4.034716,51.987423],[4.034716,51.987423],[4.034715,51.987423],[4.034715,51.987423],[4.034715,51.987423],[4.034697,51.987424],[4.034689,51.987425],[4.034689,51.987425],[4.034663,51.987426],[4.034639,51.987428],[4.034477,51.987438],[4.034406,51.987443],[4.034406,51.987443],[4.034406,51.987443],[4.034363,51.987445],[4.034286,51.987449],[4.034122,51.987457],[4.034107,51.987458],[4.034107,51.987458],[4.034106,51.987458],[4.034105,51.987458],[4.034011,51.987461],[4.033938,51.987464],[4.033816,51.987469],[4.033732,51.987472],[4.033571,51.987478],[4.033503,51.987481],[4.033503,51.987481],[4.033503,51.987481],[4.033499,51.987481],[4.033498,51.987481],[4.033491,51.987481],[4.033443,51.987482],[4.033043,51.987492],[4.033043,51.987492],[4.033043,51.987492],[4.033031,51.987492],[4.032753,51.987497],[4.032729,51.987497],[4.032729,51.987497],[4.032729,51.987497],[4.032729,51.987497],[4.032728,51.987497],[4.032727,51.987497],[4.032725,51.987497],[4.032703,51.987496],[4.032665,51.987495],[4.032628,51.987494],[4.032378,51.987487],[4.032378,51.987487],[4.032378,51.987487],[4.032131,51.987476],[4.032099,51.987475],[4.032097,51.987474],[4.032097,51.987474],[4.032097,51.987474],[4.032097,51.987474],[4.032096,51.987474],[4.032096,51.987474],[4.032096,51.987474],[4.031515,51.987433],[4.031515,51.987433],[4.031514,51.987433],[4.031514,51.987433],[4.031514,51.987433],[4.030955,51.987382],[4.030955,51.987382],[4.030955,51.987382],[4.030573,51.987352],[4.030573,51.987352],[4.030573,51.987352],[4.030573,51.987352],[4.030572,51.987352],[4.030105,51.987306],[4.030104,51.987306],[4.030104,51.987306],[4.030104,51.987306],[4.029745,51.987276],[4.029745,51.987276],[4.029745,51.987276],[4.029744,51.987276],[4.029744,51.987276],[4.029744,51.987276],[4.029175,51.987204],[4.029173,51.987204],[4.029173,51.987204],[4.029173,51.987204],[4.029173,51.987204],[4.028942,51.987169],[4.028942,51.987169],[4.028942,51.987169],[4.028942,51.987169],[4.028942,51.987169],[4.028941,51.987169],[4.028938,51.987169],[4.028932,51.987168],[4.028524,51.987092],[4.028524,51.987092],[4.028524,51.987092],[4.028524,51.987092],[4.028524,51.987092],[4.028161,51.98702],[4.028141,51.987016],[4.028118,51.987011],[4.027959,51.98698],[4.027808,51.98695],[4.027789,51.986946],[4.027696,51.986928],[4.027696,51.986928],[4.027696,51.986928],[4.027696,51.986928],[4.027695,51.986927],[4.027533,51.98689],[4.027365,51.986851],[4.027365,51.98685],[4.027364,51.98685],[4.027364,51.98685],[4.02734,51.986844],[4.027186,51.986804],[4.027066,51.986773],[4.026841,51.986715],[4.026725,51.986685],[4.026724,51.986685],[4.026724,51.986685],[4.026721,51.986684],[4.026699,51.986678],[4.026684,51.986674],[4.026517,51.986627],[4.026504,51.986623],[4.026504,51.986623],[4.026504,51.986623],[4.026504,51.986623],[4.026504,51.986623],[4.026503,51.986623],[4.026359,51.986577],[4.026143,51.986507],[4.026142,51.986507],[4.026142,51.986507],[4.026142,51.986507],[4.026141,51.986507],[4.026084,51.986489],[4.02595,51.986449],[4.025779,51.986397],[4.025779,51.986397],[4.025779,51.986397],[4.025779,51.986397],[4.025779,51.986397],[4.02522,51.986217],[4.025182,51.986205],[4.025182,51.986205],[4.025182,51.986205],[4.02509,51.986174],[4.024874,51.986103],[4.024597,51.986012],[4.024586,51.986008],[4.024257,51.9859],[4.024257,51.9859],[4.024257,51.9859],[4.023865,51.985768],[4.023865,51.985768],[4.023865,51.985768],[4.023865,51.985768],[4.023865,51.985768],[4.023531,51.985645],[4.023531,51.985645],[4.02353,51.985645],[4.02353,51.985645],[4.02353,51.985645],[4.02353,51.985645],[4.022645,51.985801],[4.017463,51.98701],[4.014578,51.987683],[4.013594,51.9879],[4.012002,51.988253],[4.010627,51.988556],[4.01009,51.988621],[4.009552,51.988687],[4.008464,51.988857],[4.006403,51.989002],[4.006146,51.98902],[4.00608,51.98902],[4.004095,51.989038],[4.004096,51.989007],[4.003601,51.988994],[4.002964,51.988955],[4.0029,51.988952],[4.002007,51.988876],[4.001154,51.988784],[4.001041,51.988772],[4.000959,51.988763],[4.000184,51.988652],[3.999385,51.988516],[3.99862,51.988382],[3.997592,51.988185],[3.997325,51.988135],[3.997225,51.988116],[3.996622,51.988003],[3.996216,51.987922],[3.996216,51.987922],[3.996216,51.987922],[3.994211,51.987513],[3.994068,51.987484],[3.994068,51.987484],[3.993956,51.987461],[3.99343,51.987346],[3.993325,51.987323],[3.992789,51.987206],[3.99177,51.986998],[3.990756,51.986778],[3.98969,51.986533],[3.989426,51.986475],[3.989334,51.986454],[3.9887,51.986313],[3.987533,51.986038],[3.986157,51.985706],[3.985696,51.985593],[3.98565,51.985581],[3.985182,51.985466],[3.984619,51.985307],[3.984075,51.985143],[3.983594,51.984971],[3.983033,51.984762],[3.982591,51.984567],[3.982226,51.984396],[3.981753,51.984155],[3.981716,51.984136],[3.981676,51.984116],[3.981564,51.984061],[3.981481,51.984021],[3.981364,51.983953],[3.981056,51.983772],[3.980749,51.983587],[3.98025,51.983228],[3.979834,51.98292],[3.979812,51.982904],[3.979461,51.982614],[3.979433,51.982591],[3.979371,51.982539],[3.979011,51.982184],[3.978214,51.981447],[3.97815,51.981387],[3.977874,51.981132],[3.977644,51.980919],[3.977628,51.980905],[3.977496,51.980782],[3.977266,51.98057],[3.977229,51.980533],[3.977089,51.980395],[3.977013,51.980303],[3.976912,51.980182],[3.976897,51.980157],[3.976875,51.980121],[3.976872,51.980116],[3.976789,51.979981],[3.976772,51.979948],[3.976675,51.97976],[3.97664,51.979671],[3.976577,51.979509],[3.976564,51.979459],[3.976553,51.979419],[3.976547,51.979396],[3.976546,51.979392],[3.976545,51.979388],[3.976537,51.979359],[3.976526,51.979317],[3.976523,51.979307],[3.976498,51.979186],[3.976498,51.979185],[3.976494,51.979167],[3.976472,51.979059],[3.976467,51.979033],[3.976476,51.978997],[3.97647,51.978943],[3.976478,51.978865],[3.976485,51.97885],[3.976517,51.978781],[3.976436,51.97869],[3.976266,51.978595],[3.976058,51.978476],[3.975892,51.97838],[3.975354,51.978021],[3.974884,51.97773],[3.974802,51.977663],[3.974349,51.977292],[3.97354,51.976547],[3.973369,51.976356],[3.973303,51.976283],[3.972722,51.975638],[3.972375,51.975266],[3.971819,51.974743],[3.971133,51.974094],[3.971064,51.974029],[3.97073,51.973773],[3.970533,51.973623],[3.970514,51.973604],[3.970469,51.973559],[3.970404,51.973495],[3.970358,51.97345],[3.969996,51.973093],[3.969472,51.972445],[3.968791,51.971624],[3.968038,51.970896],[3.967716,51.970584],[3.967695,51.970561],[3.967662,51.970526],[3.96729,51.970128],[3.967012,51.969813],[3.966684,51.969365],[3.966586,51.969255],[3.966059,51.968659],[3.965418,51.967716],[3.965378,51.967658],[3.965347,51.967613],[3.964821,51.966881],[3.964344,51.966164],[3.96389,51.965409],[3.96355,51.96478],[3.963545,51.964771],[3.963499,51.964686],[3.963396,51.964329],[3.963289,51.963938],[3.963172,51.963515],[3.963104,51.963267],[3.963042,51.963173],[3.962963,51.963098],[3.962894,51.963026],[3.962826,51.962955],[3.962774,51.962877],[3.962713,51.962742],[3.96256,51.962253],[3.962489,51.961964],[3.962488,51.961958],[3.962387,51.961543],[3.96235,51.961149],[3.9623,51.960161],[3.962276,51.959479],[3.962275,51.959459],[3.962263,51.959117],[3.962321,51.95854],[3.962334,51.958419],[3.962354,51.958314],[3.962399,51.958081],[3.962518,51.957407],[3.962542,51.957233],[3.962545,51.957216],[3.96256,51.957105],[3.962649,51.956868],[3.962777,51.956601],[3.962952,51.956059],[3.963102,51.955512],[3.963287,51.954877],[3.963294,51.954853],[3.9635,51.954198],[3.963948,51.953284],[3.964084,51.95307],[3.964201,51.952886],[3.964257,51.952796],[3.964303,51.952726],[3.964577,51.952305],[3.964823,51.951949],[3.965191,51.951432],[3.965858,51.950495],[3.96587,51.950477],[3.965885,51.950456],[3.966558,51.949413],[3.96719,51.948484],[3.967413,51.948151],[3.967626,51.947841],[3.967692,51.947736],[3.967801,51.947564],[3.967893,51.94742],[3.968758,51.946055],[3.968966,51.945726],[3.968986,51.945694],[3.969484,51.944905],[3.970025,51.944067],[3.970299,51.943642],[3.970417,51.943434],[3.970713,51.94289],[3.97072,51.942878],[3.970852,51.942636],[3.971019,51.942353],[3.971381,51.941742],[3.97179,51.941148],[3.971934,51.940938],[3.972563,51.940046],[3.972586,51.940005],[3.972599,51.939982],[3.97318,51.93895],[3.974164,51.937381],[3.974183,51.93735],[3.974311,51.937146],[3.975077,51.93596],[3.975218,51.935742],[3.975316,51.935589],[3.975951,51.934527],[3.975953,51.934524],[3.976075,51.93432],[3.976198,51.934097],[3.976217,51.934066],[3.977044,51.932569],[3.977417,51.931933],[3.977494,51.93177],[3.977847,51.931029],[3.97789,51.930955],[3.978231,51.930368],[3.978376,51.9301],[3.978578,51.929729],[3.978736,51.929502],[3.978738,51.929499],[3.978805,51.929403],[3.978982,51.929149],[3.97931,51.92851],[3.97932,51.928491],[3.979662,51.927588],[3.979698,51.927499],[3.979776,51.927306],[3.980004,51.926743],[3.980017,51.92671],[3.980328,51.926114],[3.980834,51.925251],[3.980858,51.925211],[3.981049,51.924884],[3.981085,51.924825],[3.981093,51.924808],[3.981119,51.924765],[3.981718,51.923565],[3.981809,51.923381],[3.981822,51.923355],[3.982083,51.922835],[3.982092,51.922817],[3.982154,51.922609],[3.982354,51.921946],[3.982392,51.921823],[3.982545,51.921266],[3.982695,51.920721],[3.982822,51.920329],[3.982833,51.920296],[3.982837,51.920282],[3.982932,51.920059],[3.983102,51.919656],[3.983385,51.91885],[3.983561,51.918525],[3.983569,51.91851],[3.983671,51.918323],[3.983794,51.918095],[3.983798,51.918091],[3.983916,51.917977],[3.983963,51.917931],[3.983981,51.917918],[3.984052,51.917867],[3.984071,51.917853],[3.984214,51.917753],[3.984287,51.917675],[3.984338,51.917605],[3.98436,51.917575],[3.984398,51.917459],[3.98445,51.917301],[3.984501,51.917164],[3.984577,51.916992],[3.984676,51.916798],[3.984738,51.91669],[3.984871,51.91654],[3.984968,51.916432],[3.985221,51.916248],[3.985335,51.916202],[3.985592,51.916137],[3.985949,51.916096],[3.986262,51.916088],[3.986602,51.916104],[3.986751,51.916123],[3.986938,51.916147],[3.98721,51.916207],[3.987462,51.91629],[3.9876,51.916348],[3.98767,51.916413],[3.987694,51.916485],[3.987677,51.91654],[3.987619,51.916575],[3.987503,51.916595],[3.987379,51.916598],[3.987261,51.91657],[3.987188,51.916572],[3.987102,51.916599],[3.987032,51.916634],[3.986916,51.916645],[3.98678,51.916683],[3.98668,51.916687],[3.986608,51.916662],[3.986485,51.916661],[3.986382,51.916638],[3.98621,51.916591],[3.986026,51.916589],[3.98596,51.916635],[3.985924,51.916732],[3.985978,51.916755],[3.986173,51.916907],[3.986171,51.916997],[3.986096,51.917061],[3.985991,51.917078],[3.985763,51.917007],[3.985671,51.917001],[3.985598,51.917004],[3.985501,51.91722],[3.98544,51.917355],[3.985377,51.917617],[3.985331,51.917814],[3.985317,51.9179],[3.985263,51.918233],[3.985262,51.918252],[3.985262,51.918256],[3.985247,51.918513],[3.985257,51.918782],[3.985238,51.918879],[3.985229,51.918923],[3.985225,51.918941],[3.985096,51.91902],[3.985086,51.91903],[3.985077,51.919037],[3.985021,51.919089],[3.985029,51.919102],[3.985079,51.919187],[3.985142,51.919275],[3.985282,51.919337],[3.985413,51.919343],[3.985587,51.919276],[3.985587,51.919276],[3.985587,51.919276],[3.985587,51.919276],[3.985639,51.919229],[3.985746,51.919193],[3.985822,51.919167],[3.986054,51.919134],[3.986534,51.919033],[3.98684,51.918912],[3.98684,51.918912],[3.986906,51.918836],[3.986964,51.918777],[3.987127,51.918728],[3.987329,51.918635],[3.987493,51.91854],[3.987553,51.918505],[3.987625,51.918463],[3.98763,51.918461],[3.987669,51.918438],[3.987921,51.918316],[3.988114,51.918223],[3.988128,51.918216],[3.988327,51.918161],[3.988532,51.918079],[3.988741,51.917972],[3.988854,51.917922],[3.988937,51.917878],[3.988947,51.917872],[3.988964,51.917863],[3.989035,51.91786],[3.989141,51.917882],[3.989273,51.917902],[3.989423,51.917908],[3.98951,51.917908],[3.989569,51.917904],[3.989581,51.917908],[3.989653,51.917946],[3.98968,51.917963],[3.989646,51.917982],[3.989559,51.918031],[3.989431,51.918114],[3.989422,51.91812],[3.989295,51.918202],[3.989206,51.918248],[3.988417,51.918578],[3.988384,51.9186],[3.988107,51.918782],[3.988004,51.918865],[3.98783,51.919039],[3.987795,51.919052],[3.98774,51.919071],[3.98759,51.91907],[3.987428,51.91909],[3.987349,51.919124],[3.987326,51.919138],[3.987322,51.919148],[3.987289,51.919225],[3.987266,51.919354],[3.987188,51.919374],[3.987166,51.919379],[3.987015,51.919414],[3.986971,51.919424],[3.986812,51.919533],[3.986763,51.919566],[3.986641,51.919648],[3.986614,51.91968],[3.986544,51.91976],[3.986486,51.919827],[3.986432,51.91992],[3.986361,51.920044],[3.98636,51.920047],[3.98636,51.920054],[3.986358,51.920206],[3.986409,51.920405],[3.98641,51.920409],[3.986556,51.920527],[3.986824,51.920578],[3.987186,51.920567],[3.987749,51.920501],[3.988234,51.920374],[3.988541,51.920266],[3.988744,51.920182],[3.989139,51.920113],[3.989514,51.920025],[3.989723,51.91988],[3.989845,51.919782],[3.989971,51.919681],[3.990062,51.919501],[3.990032,51.919344],[3.990023,51.919314],[3.989987,51.919181],[3.989866,51.919121],[3.98983,51.91907],[3.989814,51.919046],[3.989877,51.918988],[3.989914,51.918973],[3.990127,51.918891],[3.990263,51.918809],[3.990264,51.918809],[3.990521,51.918705],[3.990644,51.918651],[3.99079,51.918587],[3.990837,51.918531],[3.990942,51.918408],[3.991184,51.918273],[3.991581,51.918023],[3.992138,51.917773],[3.992299,51.9177],[3.992646,51.917541],[3.99306,51.917332],[3.993326,51.91718],[3.993583,51.916943],[3.993824,51.916765],[3.993957,51.916681],[3.994097,51.916621],[3.994314,51.916574],[3.994479,51.916547],[3.994546,51.916536],[3.994668,51.916485],[3.994745,51.916453],[3.994882,51.916371],[3.995039,51.916278],[3.995067,51.916207],[3.994619,51.916103],[3.994494,51.916098],[3.994421,51.916079],[3.994389,51.916071],[3.994357,51.916063],[3.994278,51.916023],[3.994255,51.916018],[3.994124,51.916008],[3.994008,51.916042],[3.993929,51.916086],[3.993651,51.916145],[3.993448,51.916235],[3.993392,51.916304],[3.993386,51.916365],[3.993396,51.916415],[3.993339,51.916475],[3.993264,51.916495],[3.993098,51.916501],[3.992878,51.916454],[3.992842,51.916428],[3.992775,51.916379],[3.992691,51.916319],[3.99269,51.916245],[3.992711,51.91618],[3.992728,51.916122],[3.992733,51.916055],[3.992809,51.91598],[3.992905,51.915966],[3.993052,51.91599],[3.993198,51.915958],[3.993227,51.915948],[3.993503,51.915855],[3.993528,51.915848],[3.972617,51.910965],[3.94075,51.921571],[3.944788,51.943631],[3.951116,51.978163],[3.953131,51.989144],[3.981492,51.994288],[4.032777,52.003571],[4.03929,52.003646],[4.047337,52.003738],[4.110164,52.004437],[4.118589,52.004528],[4.125303,52.001641]],[[3.992428,51.916426],[3.992445,51.916465],[3.992539,51.916528],[3.992649,51.91658],[3.992723,51.916642],[3.992746,51.916661],[3.992779,51.91672],[3.992772,51.916757],[3.992753,51.91681],[3.992763,51.916867],[3.992621,51.91685],[3.992595,51.916847],[3.992378,51.916878],[3.992222,51.916944],[3.992097,51.916964],[3.992018,51.917006],[3.991937,51.917043],[3.991842,51.917128],[3.991779,51.917229],[3.991737,51.917291],[3.99164,51.917378],[3.991469,51.917482],[3.991272,51.917588],[3.991036,51.917665],[3.990974,51.917684],[3.990805,51.917736],[3.990744,51.917779],[3.990619,51.917807],[3.990472,51.917811],[3.99032,51.917824],[3.990211,51.917849],[3.990124,51.917881],[3.990048,51.917918],[3.990003,51.91795],[3.989992,51.917975],[3.989946,51.917985],[3.989893,51.91796],[3.989838,51.917915],[3.989818,51.917886],[3.989809,51.917874],[3.9898,51.917838],[3.989812,51.917828],[3.98982,51.91782],[3.98986,51.91781],[3.989884,51.917803],[3.989936,51.917743],[3.989946,51.917722],[3.989954,51.917704],[3.989999,51.917687],[3.990036,51.917678],[3.990044,51.917677],[3.990048,51.917673],[3.990064,51.917659],[3.990056,51.917645],[3.990024,51.917644],[3.989779,51.917662],[3.989445,51.917666],[3.989317,51.917664],[3.989036,51.917653],[3.988889,51.917648],[3.9885,51.91761],[3.988203,51.917572],[3.987858,51.917512],[3.987514,51.91745],[3.987123,51.917369],[3.987084,51.917361],[3.986619,51.917235],[3.986526,51.917196],[3.9865,51.917159],[3.986509,51.917117],[3.986547,51.917075],[3.986634,51.917055],[3.986742,51.917048],[3.986805,51.917054],[3.986936,51.917068],[3.987189,51.917135],[3.987478,51.917198],[3.987669,51.917238],[3.987777,51.917252],[3.988008,51.917282],[3.988414,51.917335],[3.988715,51.917368],[3.988911,51.91738],[3.989108,51.917385],[3.989139,51.917385],[3.989259,51.917377],[3.989371,51.917371],[3.989596,51.917367],[3.989759,51.917364],[3.98999,51.917349],[3.990259,51.917302],[3.990536,51.917241],[3.990716,51.917196],[3.990939,51.917095],[3.991132,51.916994],[3.991358,51.916905],[3.99154,51.91681],[3.991755,51.916697],[3.991917,51.916609],[3.992002,51.916533],[3.9921,51.916481],[3.99219,51.916437],[3.992287,51.916404],[3.992351,51.916399],[3.992382,51.916396],[3.992415,51.916396],[3.992428,51.916426]]]}},{"type":"Feature","properties":{"municipality":"Maassluis","code":"GM0556"},"geometry":{"type":"MultiLineString","coordinates":[[[4.244198,51.913743],[4.244041,51.913789],[4.24365,51.913908],[4.242407,51.914341],[4.24112,51.914871],[4.240056,51.915351],[4.239844,51.915451],[4.239327,51.915691],[4.238864,51.915909],[4.238343,51.916193],[4.237818,51.916476],[4.237586,51.916613],[4.236943,51.917],[4.236758,51.91711],[4.236688,51.917155],[4.236465,51.917303],[4.236311,51.917406],[4.235909,51.917671],[4.23574,51.917781],[4.234792,51.918462],[4.23393,51.919178],[4.23307,51.919899],[4.232237,51.920645],[4.232167,51.920709],[4.230626,51.922122],[4.229805,51.922882],[4.22939,51.923306],[4.229063,51.923639],[4.228298,51.924403],[4.22757,51.925165],[4.226758,51.925915],[4.225907,51.926653],[4.225007,51.927345],[4.224574,51.927647],[4.224041,51.928019],[4.223702,51.928247],[4.223056,51.928672],[4.222905,51.928764],[4.221958,51.929341],[4.220952,51.929918],[4.219932,51.930468],[4.219869,51.930502],[4.218752,51.931083],[4.217556,51.93165],[4.216864,51.931983],[4.21647,51.932178],[4.215962,51.932409],[4.215301,51.932705],[4.214103,51.933204],[4.213085,51.933596],[4.212718,51.933727],[4.21464,51.935923],[4.214795,51.9361],[4.215143,51.936497],[4.215179,51.936483],[4.215304,51.936596],[4.215344,51.936718],[4.215417,51.936804],[4.215433,51.936822],[4.215472,51.936867],[4.215598,51.93701],[4.215656,51.937077],[4.215674,51.937097],[4.215925,51.937383],[4.217468,51.939141],[4.219311,51.941242],[4.219453,51.941404],[4.219529,51.9414],[4.219803,51.941383],[4.219866,51.941432],[4.220182,51.941679],[4.221114,51.942405],[4.221453,51.942669],[4.223723,51.944434],[4.224137,51.944756],[4.224959,51.945397],[4.225294,51.945658],[4.225343,51.945696],[4.227754,51.947572],[4.228121,51.947858],[4.228254,51.947962],[4.228291,51.947991],[4.228292,51.947992],[4.228535,51.947661],[4.228556,51.947634],[4.228609,51.947568],[4.228822,51.947247],[4.228874,51.947155],[4.22904,51.946888],[4.229248,51.946569],[4.229258,51.946554],[4.229425,51.946236],[4.229484,51.946122],[4.229695,51.945698],[4.229774,51.945538],[4.229916,51.945276],[4.229916,51.945276],[4.230018,51.945092],[4.230106,51.944959],[4.230126,51.944929],[4.230191,51.944817],[4.230274,51.944691],[4.230331,51.944592],[4.230368,51.944548],[4.230447,51.944461],[4.230528,51.944374],[4.230704,51.944205],[4.230794,51.944115],[4.230843,51.944066],[4.230992,51.943903],[4.231061,51.943824],[4.231137,51.943727],[4.231152,51.943705],[4.231211,51.943596],[4.231266,51.943524],[4.231308,51.943469],[4.231493,51.94323],[4.231528,51.943183],[4.231587,51.943104],[4.231609,51.943079],[4.231643,51.943043],[4.231673,51.943012],[4.231692,51.942992],[4.231741,51.942946],[4.231767,51.942922],[4.23192,51.942955],[4.232077,51.942988],[4.232154,51.943005],[4.232481,51.943086],[4.232807,51.943178],[4.233076,51.943253],[4.233304,51.943317],[4.233564,51.943387],[4.233794,51.943448],[4.234047,51.943514],[4.234297,51.943578],[4.234569,51.94365],[4.234909,51.943729],[4.235265,51.943796],[4.235582,51.943837],[4.235722,51.943855],[4.235915,51.943881],[4.236042,51.943891],[4.236343,51.943917],[4.236755,51.943925],[4.236941,51.94393],[4.237253,51.943925],[4.237569,51.943909],[4.237892,51.94388],[4.238147,51.943853],[4.238421,51.943815],[4.238469,51.943801],[4.238782,51.943738],[4.239076,51.943633],[4.239581,51.943287],[4.239673,51.943225],[4.240216,51.942853],[4.240317,51.942872],[4.240371,51.942829],[4.240493,51.942732],[4.240825,51.942467],[4.241002,51.942326],[4.241081,51.942264],[4.241184,51.942183],[4.241275,51.942197],[4.241775,51.941796],[4.242061,51.941567],[4.242477,51.941233],[4.242387,51.941216],[4.243474,51.940346],[4.24356,51.940361],[4.244618,51.939515],[4.244845,51.939334],[4.245077,51.939148],[4.245189,51.939059],[4.245261,51.939001],[4.245424,51.938871],[4.246057,51.938366],[4.246058,51.938366],[4.24687,51.937714],[4.247641,51.937094],[4.247692,51.937053],[4.247746,51.93701],[4.248422,51.936471],[4.248568,51.936356],[4.248721,51.936233],[4.249287,51.93578],[4.249669,51.935477],[4.249669,51.935477],[4.250002,51.935213],[4.250104,51.93513],[4.250313,51.934964],[4.250646,51.934699],[4.250768,51.934601],[4.250785,51.934588],[4.251338,51.934144],[4.251549,51.933974],[4.25155,51.933974],[4.251746,51.933817],[4.252993,51.932814],[4.253095,51.932733],[4.253349,51.932519],[4.254951,51.931204],[4.256024,51.930344],[4.256535,51.929928],[4.256442,51.92991],[4.257138,51.92935],[4.257822,51.92881],[4.257902,51.928828],[4.258358,51.928568],[4.25844,51.928521],[4.258742,51.928382],[4.259158,51.928159],[4.25923,51.928114],[4.259402,51.928004],[4.259567,51.927901],[4.259798,51.927757],[4.260522,51.927307],[4.260522,51.927307],[4.26055,51.927313],[4.260624,51.927218],[4.26068,51.927148],[4.261049,51.926682],[4.261414,51.926782],[4.26142,51.926781],[4.261727,51.926732],[4.262441,51.926612],[4.262927,51.926414],[4.262931,51.926412],[4.263619,51.926133],[4.26362,51.926133],[4.263729,51.926089],[4.264157,51.925619],[4.264168,51.925605],[4.264272,51.925468],[4.264284,51.925452],[4.265093,51.925691],[4.265222,51.925644],[4.265252,51.925633],[4.265372,51.925585],[4.265427,51.925564],[4.266128,51.925302],[4.266288,51.925243],[4.266396,51.925203],[4.267119,51.92494],[4.267723,51.924727],[4.268069,51.924606],[4.268377,51.924518],[4.268556,51.924467],[4.268742,51.92438],[4.268991,51.924258],[4.26932,51.924107],[4.269531,51.923998],[4.269662,51.923925],[4.26971,51.923898],[4.269804,51.923848],[4.269812,51.923844],[4.269852,51.92382],[4.270107,51.92372],[4.270264,51.923658],[4.27041,51.9236],[4.27047,51.923576],[4.270515,51.923567],[4.270683,51.923533],[4.27096,51.923477],[4.271499,51.923466],[4.271748,51.9235],[4.272242,51.923546],[4.272389,51.923556],[4.272485,51.923554],[4.272671,51.923543],[4.272678,51.923542],[4.272696,51.923541],[4.272782,51.923535],[4.272795,51.923533],[4.272792,51.923539],[4.272897,51.923527],[4.273048,51.92351],[4.27313,51.923502],[4.273231,51.923488],[4.273301,51.923479],[4.273324,51.923476],[4.27334,51.923474],[4.273356,51.923478],[4.273383,51.923485],[4.273396,51.923496],[4.27344,51.92356],[4.273607,51.923547],[4.273602,51.923536],[4.2736,51.923522],[4.273598,51.923505],[4.273603,51.923492],[4.273609,51.923477],[4.273617,51.923465],[4.273675,51.923447],[4.273731,51.92344],[4.273789,51.923434],[4.273853,51.923427],[4.273952,51.923425],[4.274001,51.923423],[4.27402,51.923431],[4.274042,51.92343],[4.274538,51.923397],[4.27498,51.923364],[4.27572,51.923307],[4.2764,51.923218],[4.277958,51.923035],[4.278288,51.922997],[4.278455,51.922975],[4.278532,51.922973],[4.278605,51.922977],[4.278726,51.923018],[4.278738,51.923022],[4.279152,51.922971],[4.279907,51.922854],[4.279957,51.922848],[4.280045,51.922836],[4.280521,51.922772],[4.280734,51.922745],[4.280824,51.92275],[4.281477,51.922668],[4.281944,51.922609],[4.281977,51.922605],[4.281984,51.922604],[4.281993,51.922603],[4.283148,51.922463],[4.283355,51.922437],[4.284183,51.922324],[4.284266,51.922313],[4.285247,51.922184],[4.285312,51.922176],[4.285949,51.922098],[4.286086,51.92208],[4.286705,51.922],[4.286793,51.921989],[4.287294,51.921924],[4.2873,51.921924],[4.288307,51.921794],[4.28845,51.921776],[4.288803,51.921729],[4.288816,51.921727],[4.289072,51.921693],[4.289278,51.921666],[4.289278,51.921666],[4.289282,51.921665],[4.289477,51.921639],[4.289995,51.92157],[4.290005,51.921569],[4.290022,51.921566],[4.290186,51.921546],[4.29036,51.921525],[4.291554,51.921374],[4.291831,51.92134],[4.292611,51.921236],[4.292498,51.921162],[4.292198,51.920965],[4.292144,51.920929],[4.29213,51.920919],[4.29205,51.920867],[4.291393,51.920434],[4.291008,51.920181],[4.29049,51.91984],[4.28997,51.919496],[4.289901,51.91945],[4.289659,51.91929],[4.289474,51.919168],[4.289404,51.919122],[4.28926,51.919026],[4.288482,51.918509],[4.288417,51.918466],[4.288414,51.918464],[4.288413,51.918463],[4.288412,51.918463],[4.288295,51.918386],[4.28766,51.917966],[4.2876,51.917927],[4.287327,51.917747],[4.286748,51.917363],[4.286728,51.91735],[4.286724,51.917347],[4.286703,51.917333],[4.286583,51.917259],[4.286575,51.917254],[4.286557,51.917243],[4.286546,51.917236],[4.286521,51.91722],[4.28652,51.91722],[4.286494,51.917204],[4.286451,51.917178],[4.286441,51.917171],[4.286385,51.91714],[4.286379,51.917136],[4.286369,51.91713],[4.28617,51.917017],[4.286024,51.916933],[4.286088,51.916923],[4.285962,51.916843],[4.285954,51.916839],[4.285951,51.916836],[4.28595,51.916836],[4.285937,51.916828],[4.285935,51.916827],[4.285925,51.916821],[4.285743,51.916705],[4.285684,51.916668],[4.28528,51.916413],[4.285132,51.91632],[4.279926,51.913036],[4.279597,51.912828],[4.278215,51.911966],[4.278153,51.911927],[4.278061,51.911869],[4.27799,51.911825],[4.277681,51.911634],[4.277276,51.911383],[4.277229,51.911354],[4.277122,51.911285],[4.277053,51.91124],[4.277023,51.911221],[4.277016,51.911216],[4.277016,51.911216],[4.276972,51.911188],[4.276965,51.911184],[4.276952,51.911176],[4.276806,51.911087],[4.275965,51.910575],[4.275089,51.910046],[4.275028,51.910009],[4.274787,51.909861],[4.274276,51.909547],[4.273327,51.90897],[4.272486,51.908456],[4.272057,51.908184],[4.272032,51.908168],[4.271883,51.908074],[4.271873,51.908067],[4.271707,51.907962],[4.271682,51.907946],[4.271417,51.907779],[4.271392,51.907763],[4.271376,51.907753],[4.271298,51.907703],[4.271239,51.907666],[4.271127,51.907595],[4.270493,51.907194],[4.270479,51.907186],[4.270459,51.907173],[4.270412,51.907142],[4.270402,51.907136],[4.27038,51.907122],[4.270344,51.907099],[4.270247,51.907037],[4.269665,51.906664],[4.268394,51.905859],[4.267571,51.905335],[4.266183,51.905904],[4.266183,51.905904],[4.26518,51.906291],[4.263754,51.906866],[4.262924,51.907205],[4.260301,51.908255],[4.259018,51.908761],[4.257812,51.909246],[4.256798,51.909643],[4.255743,51.910051],[4.255429,51.910171],[4.255309,51.910216],[4.254971,51.910338],[4.253977,51.910688],[4.253634,51.910815],[4.252844,51.9111],[4.251573,51.911531],[4.250855,51.911764],[4.250262,51.911951],[4.248938,51.912364],[4.247662,51.912751],[4.246306,51.913128],[4.245008,51.913496],[4.244534,51.913641],[4.244228,51.913734],[4.244198,51.913743]]]}},{"type":"Feature","properties":{"municipality":"Rotterdam","code":"GM0599"},"geometry":{"type":"MultiLineString","coordinates":[[[4.562406,51.954724],[4.562418,51.954696],[4.562423,51.954685],[4.562441,51.954644],[4.562492,51.954525],[4.562608,51.954251],[4.563021,51.953282],[4.563053,51.953207],[4.563053,51.953207],[4.563062,51.953187],[4.563228,51.952789],[4.563268,51.952694],[4.563408,51.952362],[4.563449,51.952265],[4.563649,51.95179],[4.563932,51.951122],[4.563951,51.951076],[4.564063,51.950809],[4.564149,51.950736],[4.564199,51.950694],[4.564281,51.950624],[4.564444,51.950486],[4.564522,51.95042],[4.564604,51.950349],[4.56463,51.950327],[4.564699,51.950269],[4.564771,51.950208],[4.564889,51.950107],[4.565262,51.94979],[4.565439,51.94964],[4.565617,51.949491],[4.566657,51.948615],[4.566943,51.948374],[4.567437,51.947958],[4.567783,51.947667],[4.568045,51.947446],[4.569168,51.946501],[4.569377,51.946326],[4.570169,51.945665],[4.57047,51.945409],[4.570517,51.945369],[4.570575,51.945319],[4.570635,51.945268],[4.570694,51.945218],[4.570753,51.945167],[4.570812,51.945117],[4.570871,51.945066],[4.57093,51.945016],[4.570989,51.944965],[4.57105,51.944914],[4.571108,51.944864],[4.571403,51.944612],[4.571441,51.94458],[4.571451,51.944571],[4.571512,51.944521],[4.57157,51.944471],[4.571635,51.94442],[4.571693,51.944368],[4.571752,51.94432],[4.571784,51.944292],[4.571806,51.944273],[4.571875,51.944216],[4.572127,51.944004],[4.572333,51.943831],[4.572694,51.943528],[4.57278,51.943456],[4.572535,51.943346],[4.571666,51.942954],[4.571665,51.942953],[4.571663,51.942952],[4.570499,51.942427],[4.567594,51.941982],[4.56731,51.941938],[4.563676,51.941382],[4.563646,51.941377],[4.560761,51.940936],[4.560594,51.94091],[4.560624,51.940841],[4.561067,51.939795],[4.561134,51.939636],[4.562647,51.936065],[4.5627,51.93594],[4.562724,51.935881],[4.563272,51.934589],[4.563531,51.933976],[4.563637,51.933726],[4.563642,51.933714],[4.563733,51.933499],[4.563737,51.93349],[4.563741,51.933481],[4.563742,51.933477],[4.563743,51.933476],[4.563743,51.933476],[4.563743,51.933476],[4.563743,51.933474],[4.56381,51.933318],[4.563846,51.933232],[4.564213,51.932366],[4.564299,51.932162],[4.56431,51.932137],[4.564316,51.932123],[4.564369,51.931997],[4.564387,51.931954],[4.564392,51.931942],[4.56509,51.930293],[4.565288,51.929826],[4.565189,51.929778],[4.565003,51.92969],[4.564702,51.929547],[4.564983,51.929316],[4.565153,51.929179],[4.565125,51.929165],[4.565059,51.929133],[4.565088,51.929066],[4.565097,51.929047],[4.565152,51.928921],[4.565155,51.928914],[4.565516,51.928093],[4.565747,51.927503],[4.565852,51.92721],[4.565875,51.927117],[4.565875,51.927116],[4.565965,51.926747],[4.565974,51.926651],[4.565993,51.926433],[4.565993,51.926429],[4.565997,51.92642],[4.566158,51.926071],[4.566162,51.926064],[4.56618,51.926031],[4.566192,51.926007],[4.566239,51.925909],[4.565985,51.925771],[4.56599,51.925756],[4.56599,51.925755],[4.56599,51.925754],[4.565995,51.925737],[4.565998,51.92573],[4.566,51.925724],[4.566003,51.925714],[4.566011,51.925685],[4.565991,51.92569],[4.565962,51.925693],[4.565935,51.925689],[4.565907,51.925678],[4.565786,51.925609],[4.565755,51.92559],[4.565726,51.925573],[4.565688,51.925551],[4.565661,51.925436],[4.565678,51.925391],[4.565694,51.925349],[4.565778,51.925124],[4.565793,51.925091],[4.565777,51.925064],[4.565747,51.925014],[4.565743,51.925007],[4.565704,51.924941],[4.565699,51.924932],[4.565683,51.924904],[4.565647,51.924842],[4.565599,51.924757],[4.565393,51.92446],[4.565252,51.924292],[4.565148,51.924179],[4.565114,51.924142],[4.565091,51.924118],[4.565011,51.924037],[4.564905,51.923937],[4.564848,51.923882],[4.564769,51.923816],[4.564735,51.923787],[4.564636,51.923704],[4.564551,51.923633],[4.564379,51.923503],[4.564066,51.923294],[4.563744,51.923104],[4.563697,51.923078],[4.563634,51.923043],[4.56356,51.923003],[4.56323,51.922843],[4.562912,51.922704],[4.56258,51.92257],[4.562154,51.922409],[4.561812,51.922291],[4.561452,51.922173],[4.561439,51.922169],[4.561475,51.922046],[4.561512,51.921915],[4.561524,51.921875],[4.561488,51.921863],[4.561434,51.921845],[4.56142,51.92184],[4.561352,51.921818],[4.560886,51.921663],[4.560547,51.921551],[4.560257,51.921401],[4.560244,51.921395],[4.559602,51.921075],[4.55956,51.921052],[4.559115,51.920829],[4.558624,51.920664],[4.557728,51.920363],[4.556912,51.919912],[4.55691,51.919914],[4.55691,51.919914],[4.556556,51.920159],[4.556555,51.920159],[4.556327,51.920316],[4.554667,51.919943],[4.553552,51.919697],[4.552079,51.91945],[4.552073,51.919449],[4.550722,51.919339],[4.549039,51.919326],[4.545161,51.919291],[4.544113,51.919282],[4.543403,51.919276],[4.541071,51.91926],[4.540356,51.919406],[4.539104,51.91966],[4.538979,51.919668],[4.53829,51.91972],[4.537562,51.919776],[4.53755,51.919778],[4.537852,51.919317],[4.538382,51.918508],[4.538585,51.918197],[4.538936,51.917664],[4.539337,51.91705],[4.539349,51.917033],[4.540317,51.915555],[4.540523,51.915242],[4.540136,51.915281],[4.53968,51.915316],[4.539317,51.915333],[4.538953,51.91534],[4.53859,51.915341],[4.538222,51.915344],[4.538227,51.915055],[4.538231,51.914911],[4.538062,51.9149],[4.537988,51.914892],[4.537959,51.914886],[4.53786,51.914867],[4.537741,51.914835],[4.537654,51.914804],[4.537588,51.914773],[4.53752,51.914736],[4.537439,51.914682],[4.537372,51.914627],[4.537315,51.914562],[4.537266,51.914491],[4.537229,51.914412],[4.537197,51.914331],[4.53718,51.914258],[4.537165,51.914186],[4.53716,51.914125],[4.537171,51.914096],[4.537185,51.914036],[4.537204,51.913958],[4.537218,51.913915],[4.537263,51.913743],[4.537265,51.913735],[4.537312,51.913555],[4.537503,51.913217],[4.537621,51.91302],[4.53765,51.912972],[4.537724,51.912849],[4.537821,51.912692],[4.537914,51.912533],[4.538306,51.911894],[4.538332,51.911898],[4.538437,51.911915],[4.538599,51.91194],[4.538827,51.911977],[4.539204,51.911706],[4.539217,51.911696],[4.53922,51.911692],[4.539232,51.911678],[4.539314,51.911574],[4.539302,51.910653],[4.539842,51.909935],[4.539901,51.909856],[4.540213,51.909442],[4.540215,51.90943],[4.540223,51.909378],[4.540223,51.909362],[4.540207,51.909277],[4.540189,51.909237],[4.540166,51.909199],[4.540138,51.909161],[4.540129,51.90915],[4.540115,51.909131],[4.540085,51.9091],[4.541446,51.907178],[4.541574,51.906998],[4.541676,51.906853],[4.541677,51.906852],[4.54182,51.906647],[4.541971,51.906437],[4.542136,51.906205],[4.543172,51.906368],[4.543262,51.906382],[4.543352,51.906248],[4.543388,51.90622],[4.544001,51.906272],[4.544015,51.906244],[4.544379,51.906314],[4.544409,51.906318],[4.544745,51.906362],[4.54488,51.906379],[4.545672,51.906482],[4.545815,51.906499],[4.545833,51.906502],[4.545851,51.906505],[4.545868,51.906509],[4.545885,51.906513],[4.545946,51.906529],[4.546123,51.906525],[4.54613,51.906525],[4.54613,51.906527],[4.546133,51.906578],[4.546188,51.906594],[4.546241,51.906611],[4.546267,51.90662],[4.546284,51.906625],[4.546288,51.906627],[4.546292,51.906628],[4.546406,51.906664],[4.546466,51.906684],[4.546472,51.906686],[4.546478,51.906687],[4.546559,51.906713],[4.546639,51.906738],[4.546871,51.906815],[4.547233,51.906946],[4.547279,51.906964],[4.547325,51.906982],[4.547371,51.907],[4.547416,51.907019],[4.54746,51.907038],[4.547504,51.907058],[4.547547,51.907078],[4.547548,51.907078],[4.547569,51.907089],[4.547589,51.907099],[4.547609,51.907111],[4.547628,51.907122],[4.547646,51.907135],[4.547664,51.907147],[4.54768,51.90716],[4.547696,51.907174],[4.547507,51.90729],[4.547496,51.907299],[4.547486,51.907309],[4.547477,51.907319],[4.547469,51.907329],[4.547462,51.90734],[4.547456,51.90735],[4.547451,51.907361],[4.547448,51.907372],[4.547445,51.907384],[4.547444,51.907395],[4.547443,51.907406],[4.547437,51.907478],[4.547437,51.907485],[4.547444,51.907568],[4.547461,51.90765],[4.54747,51.907693],[4.5475,51.907822],[4.547514,51.907885],[4.547543,51.907973],[4.547425,51.907993],[4.547397,51.907986],[4.547401,51.907998],[4.547514,51.908159],[4.547592,51.908272],[4.547594,51.908275],[4.547636,51.908348],[4.547687,51.908437],[4.547697,51.908451],[4.54772,51.908482],[4.547742,51.908519],[4.547759,51.908547],[4.547793,51.908551],[4.547797,51.908551],[4.547967,51.90857],[4.548074,51.908857],[4.548151,51.909072],[4.548186,51.909172],[4.548227,51.909275],[4.548262,51.909375],[4.548274,51.909407],[4.548308,51.9095],[4.548342,51.909593],[4.548639,51.910402],[4.549964,51.914006],[4.550101,51.914378],[4.550153,51.914518],[4.550172,51.914571],[4.550263,51.914818],[4.550571,51.914942],[4.550917,51.915087],[4.550963,51.915107],[4.551086,51.91516],[4.551419,51.915306],[4.551586,51.915382],[4.551825,51.915495],[4.551848,51.915506],[4.552166,51.915656],[4.552224,51.915686],[4.55259,51.915861],[4.552729,51.915928],[4.55308,51.916113],[4.55314,51.916145],[4.553279,51.916217],[4.553411,51.916287],[4.553441,51.916304],[4.553553,51.916367],[4.553645,51.916418],[4.553772,51.916494],[4.55394,51.91659],[4.553984,51.916612],[4.553996,51.916618],[4.553971,51.916495],[4.553956,51.916419],[4.553935,51.916316],[4.554256,51.916505],[4.55403,51.914814],[4.554028,51.914806],[4.554025,51.91478],[4.554068,51.914779],[4.554345,51.914777],[4.554565,51.914774],[4.55477,51.914773],[4.554984,51.91477],[4.555192,51.914768],[4.555401,51.914766],[4.55561,51.914764],[4.55582,51.914762],[4.556031,51.91476],[4.556171,51.914759],[4.556174,51.914759],[4.55624,51.914768],[4.556242,51.914769],[4.556496,51.914803],[4.556514,51.914557],[4.556514,51.914555],[4.55652,51.914476],[4.556522,51.914442],[4.556525,51.914398],[4.55653,51.914336],[4.556534,51.914274],[4.556539,51.914212],[4.556543,51.914149],[4.556548,51.914088],[4.55655,51.914055],[4.556556,51.913967],[4.556574,51.913689],[4.556579,51.913607],[4.55658,51.913601],[4.556614,51.913428],[4.556618,51.913382],[4.556641,51.913072],[4.556665,51.912786],[4.556688,51.91246],[4.55671,51.912191],[4.556716,51.912116],[4.556727,51.911991],[4.556729,51.91197],[4.556733,51.911922],[4.556752,51.911643],[4.556772,51.911402],[4.556778,51.911317],[4.556785,51.911234],[4.55679,51.911165],[4.556791,51.911142],[4.55679,51.911045],[4.556791,51.91104],[4.55679,51.911027],[4.556781,51.910902],[4.556789,51.910814],[4.556812,51.910541],[4.55682,51.910464],[4.556828,51.910386],[4.556495,51.910432],[4.556488,51.910433],[4.556055,51.910483],[4.555552,51.910541],[4.555389,51.910521],[4.555037,51.910478],[4.554979,51.910471],[4.554849,51.910455],[4.554443,51.9104],[4.554098,51.91035],[4.553622,51.91028],[4.553425,51.910249],[4.553406,51.910246],[4.553039,51.910176],[4.552746,51.910101],[4.552713,51.910092],[4.552656,51.910077],[4.552606,51.910061],[4.5526,51.910059],[4.55196,51.909857],[4.551916,51.909843],[4.551915,51.909835],[4.551914,51.909835],[4.551885,51.909827],[4.551868,51.909786],[4.551789,51.909764],[4.551732,51.909774],[4.551727,51.909775],[4.551451,51.909687],[4.551444,51.909685],[4.551354,51.909657],[4.551218,51.909613],[4.551051,51.909638],[4.55094,51.90932],[4.551123,51.909103],[4.551126,51.9091],[4.551175,51.909042],[4.551162,51.909039],[4.551171,51.909027],[4.550665,51.908849],[4.55064,51.908832],[4.550626,51.908803],[4.550595,51.908681],[4.550567,51.908593],[4.550538,51.908503],[4.550499,51.908393],[4.550474,51.908329],[4.550465,51.908307],[4.550463,51.908303],[4.550456,51.908285],[4.550427,51.908209],[4.550382,51.908084],[4.550361,51.908022],[4.55034,51.90796],[4.550294,51.907838],[4.550279,51.907795],[4.550259,51.907734],[4.550216,51.907616],[4.550198,51.907567],[4.550176,51.907503],[4.55014,51.907397],[4.550063,51.907188],[4.549997,51.907],[4.549928,51.906808],[4.549901,51.906728],[4.549871,51.906637],[4.549238,51.904882],[4.554101,51.905628],[4.554733,51.905646],[4.555088,51.905646],[4.555102,51.905645],[4.562911,51.905007],[4.566793,51.904629],[4.566826,51.904626],[4.567379,51.904571],[4.569463,51.904351],[4.571346,51.904101],[4.572922,51.903852],[4.576328,51.903032],[4.576031,51.901781],[4.57602,51.901736],[4.575977,51.901553],[4.575953,51.901453],[4.575952,51.901447],[4.575906,51.901253],[4.575924,51.90112],[4.576008,51.900502],[4.57602,51.900394],[4.576024,51.900358],[4.576082,51.899774],[4.576104,51.899771],[4.576109,51.899753],[4.576113,51.899737],[4.576108,51.899737],[4.576069,51.899731],[4.57607,51.899722],[4.576074,51.89969],[4.576077,51.89967],[4.576093,51.899562],[4.576106,51.899482],[4.576099,51.899433],[4.576107,51.899429],[4.576108,51.89942],[4.576108,51.89941],[4.576098,51.899405],[4.576096,51.899374],[4.576086,51.899257],[4.576064,51.899193],[4.57606,51.899186],[4.576045,51.899152],[4.576022,51.899104],[4.575996,51.899043],[4.575989,51.899026],[4.57597,51.89902],[4.575946,51.898956],[4.575956,51.898954],[4.575953,51.898945],[4.575936,51.898896],[4.57592,51.89885],[4.575903,51.898802],[4.575886,51.898752],[4.575887,51.898752],[4.575884,51.898745],[4.575869,51.898702],[4.575863,51.898684],[4.575852,51.898653],[4.575835,51.898604],[4.575818,51.898556],[4.575801,51.898504],[4.575785,51.898457],[4.575764,51.898398],[4.575745,51.898341],[4.575744,51.898336],[4.575727,51.898291],[4.575712,51.898246],[4.575695,51.898199],[4.575673,51.898153],[4.57565,51.898108],[4.575599,51.898058],[4.575408,51.898083],[4.575384,51.898002],[4.575337,51.897833],[4.575263,51.897588],[4.575136,51.897182],[4.575042,51.896904],[4.574926,51.896552],[4.574683,51.895754],[4.574587,51.895362],[4.574355,51.894669],[4.57435,51.894653],[4.574288,51.894465],[4.574008,51.893603],[4.573955,51.89346],[4.573934,51.893404],[4.573931,51.893397],[4.573922,51.893326],[4.573918,51.893312],[4.573843,51.893124],[4.57378,51.892967],[4.573742,51.892889],[4.573652,51.892694],[4.573604,51.892557],[4.573593,51.892529],[4.57355,51.892385],[4.573489,51.892183],[4.57345,51.892048],[4.573448,51.892021],[4.573448,51.892008],[4.573448,51.892003],[4.573448,51.89195],[4.573443,51.891888],[4.573437,51.891834],[4.573429,51.891779],[4.573415,51.891726],[4.573415,51.891725],[4.573407,51.891685],[4.573406,51.891684],[4.573393,51.891647],[4.573393,51.891647],[4.573379,51.891608],[4.573365,51.891571],[4.573365,51.891571],[4.57335,51.891534],[4.573332,51.891496],[4.573332,51.891496],[4.573314,51.89146],[4.573314,51.891459],[4.57331,51.891451],[4.573297,51.891422],[4.573276,51.891385],[4.573276,51.891384],[4.573249,51.891342],[4.573244,51.891334],[4.573244,51.891333],[4.573211,51.891275],[4.573211,51.891274],[4.57319,51.891238],[4.573166,51.891201],[4.573146,51.891165],[4.573145,51.891164],[4.573124,51.891125],[4.573102,51.891094],[4.573089,51.891071],[4.573078,51.89105],[4.573062,51.891009],[4.573058,51.890997],[4.573044,51.890956],[4.573043,51.890956],[4.573038,51.890918],[4.573038,51.890918],[4.57303,51.890879],[4.573029,51.89084],[4.573029,51.89084],[4.573016,51.890779],[4.573016,51.890778],[4.57301,51.890724],[4.572999,51.890686],[4.572999,51.890685],[4.57299,51.890648],[4.57299,51.890647],[4.572982,51.89061],[4.572981,51.890609],[4.572972,51.890571],[4.572972,51.89057],[4.572969,51.890563],[4.572958,51.890533],[4.572958,51.890533],[4.57294,51.890496],[4.57294,51.890495],[4.572919,51.890456],[4.572919,51.890456],[4.572911,51.890442],[4.572875,51.890384],[4.572847,51.890334],[4.572847,51.890334],[4.572817,51.890276],[4.572816,51.890275],[4.572801,51.890238],[4.572801,51.890238],[4.572783,51.890201],[4.572783,51.8902],[4.572765,51.890163],[4.572751,51.890126],[4.572751,51.890125],[4.572739,51.890088],[4.572738,51.890088],[4.572723,51.89005],[4.572723,51.89005],[4.572708,51.889989],[4.572697,51.889935],[4.572687,51.889897],[4.572687,51.889897],[4.572681,51.889858],[4.572674,51.88982],[4.572667,51.889781],[4.572667,51.889781],[4.572658,51.889743],[4.572658,51.889743],[4.572648,51.889705],[4.57264,51.889666],[4.57264,51.889666],[4.572631,51.889628],[4.57263,51.889628],[4.572617,51.88959],[4.572617,51.88959],[4.572603,51.889553],[4.572603,51.889552],[4.572589,51.889512],[4.572589,51.889512],[4.572552,51.889417],[4.57251,51.889319],[4.572457,51.889212],[4.572434,51.889161],[4.572427,51.889146],[4.572373,51.889007],[4.572353,51.888954],[4.57233,51.88889],[4.572313,51.888842],[4.572308,51.88883],[4.572295,51.888795],[4.572277,51.888748],[4.572259,51.8887],[4.572249,51.888674],[4.572242,51.888653],[4.572214,51.888575],[4.572199,51.888532],[4.572195,51.888518],[4.572152,51.888388],[4.572137,51.888387],[4.57212,51.888338],[4.572104,51.888293],[4.572005,51.888007],[4.572012,51.888006],[4.572001,51.887979],[4.571986,51.887941],[4.571975,51.887911],[4.571963,51.887866],[4.571944,51.887789],[4.571931,51.88774],[4.571915,51.88768],[4.571897,51.887574],[4.571883,51.887513],[4.571876,51.887468],[4.571864,51.887406],[4.571858,51.887369],[4.571845,51.887318],[4.571829,51.887249],[4.571811,51.887173],[4.571795,51.887112],[4.571786,51.887074],[4.571776,51.887043],[4.571733,51.886902],[4.571715,51.886843],[4.571696,51.886788],[4.571689,51.886765],[4.571665,51.88671],[4.571651,51.886673],[4.571629,51.886627],[4.571578,51.886529],[4.571506,51.886377],[4.571486,51.886334],[4.571439,51.886231],[4.571429,51.886211],[4.571422,51.886196],[4.571362,51.886062],[4.571284,51.885893],[4.571219,51.885754],[4.571084,51.885446],[4.571036,51.885335],[4.571001,51.885259],[4.570991,51.885259],[4.570977,51.885223],[4.570929,51.885073],[4.570908,51.884998],[4.570908,51.884998],[4.570904,51.884984],[4.570862,51.884846],[4.570812,51.88468],[4.570803,51.884635],[4.570788,51.884555],[4.570778,51.884544],[4.570766,51.884429],[4.570747,51.884332],[4.570738,51.88428],[4.570733,51.884255],[4.570728,51.884232],[4.570719,51.8842],[4.570708,51.884166],[4.570693,51.884124],[4.570669,51.884077],[4.570632,51.883995],[4.570626,51.883982],[4.570585,51.883901],[4.570481,51.883709],[4.57047,51.883689],[4.57047,51.883689],[4.570468,51.883685],[4.570444,51.883659],[4.570444,51.883658],[4.570432,51.883634],[4.570421,51.883603],[4.570402,51.883535],[4.570393,51.8835],[4.570383,51.883452],[4.570329,51.883124],[4.570311,51.883046],[4.570277,51.882943],[4.570227,51.882796],[4.570213,51.882756],[4.570185,51.882685],[4.570152,51.882598],[4.570117,51.882503],[4.570076,51.882345],[4.570057,51.882252],[4.569971,51.881835],[4.569948,51.881724],[4.569933,51.881651],[4.569874,51.881393],[4.569837,51.881249],[4.569817,51.881173],[4.569795,51.88111],[4.569792,51.881102],[4.569791,51.881101],[4.569701,51.880848],[4.569589,51.880541],[4.569524,51.880351],[4.569417,51.880042],[4.569417,51.880041],[4.569414,51.880033],[4.569396,51.879979],[4.569349,51.879795],[4.569349,51.879794],[4.569349,51.879794],[4.569348,51.879793],[4.569332,51.879731],[4.569332,51.87973],[4.569332,51.879729],[4.569332,51.879728],[4.569319,51.879678],[4.569276,51.879497],[4.569275,51.879493],[4.569268,51.879462],[4.569268,51.879461],[4.569264,51.879444],[4.569236,51.879305],[4.569204,51.879156],[4.569185,51.879065],[4.569182,51.879054],[4.569182,51.879053],[4.56916,51.878958],[4.569145,51.878917],[4.569138,51.878899],[4.569138,51.878898],[4.569094,51.878781],[4.569063,51.878686],[4.569059,51.878673],[4.568987,51.878484],[4.568959,51.878408],[4.568946,51.878381],[4.568946,51.87838],[4.56892,51.878323],[4.569146,51.87818],[4.569135,51.878169],[4.569115,51.87815],[4.569111,51.878148],[4.569038,51.878105],[4.568912,51.878052],[4.567737,51.878177],[4.567444,51.878208],[4.56726,51.878217],[4.566667,51.878246],[4.566495,51.878255],[4.566176,51.878245],[4.565506,51.87826],[4.565448,51.878262],[4.565434,51.878264],[4.565323,51.878277],[4.565247,51.878276],[4.565193,51.878282],[4.565138,51.87829],[4.564991,51.878318],[4.564917,51.878324],[4.564853,51.878328],[4.56477,51.87833],[4.564617,51.878326],[4.564489,51.878324],[4.5642,51.8783],[4.56399,51.878283],[4.563945,51.878281],[4.563845,51.878286],[4.563798,51.878286],[4.563647,51.878277],[4.563599,51.878278],[4.563562,51.87828],[4.563375,51.878291],[4.563046,51.878301],[4.562824,51.878303],[4.562706,51.878294],[4.562625,51.878288],[4.562415,51.878292],[4.562182,51.878298],[4.562143,51.878298],[4.562109,51.878297],[4.561902,51.878281],[4.561735,51.878257],[4.56159,51.878232],[4.561526,51.878219],[4.561456,51.878202],[4.5614,51.878185],[4.561381,51.878176],[4.561352,51.878159],[4.561308,51.878136],[4.561184,51.878088],[4.560904,51.877996],[4.560708,51.877939],[4.560538,51.877878],[4.560505,51.877868],[4.560504,51.877868],[4.560334,51.877818],[4.56033,51.877817],[4.56019,51.877766],[4.560048,51.877715],[4.559809,51.877625],[4.559702,51.877595],[4.559684,51.87759],[4.559678,51.877588],[4.559631,51.877579],[4.559538,51.87755],[4.559097,51.877399],[4.558892,51.877323],[4.558887,51.877321],[4.558838,51.877303],[4.558714,51.877246],[4.558696,51.877238],[4.558687,51.877233],[4.55866,51.877223],[4.558533,51.877172],[4.558515,51.877165],[4.558296,51.877076],[4.558265,51.877064],[4.558175,51.877039],[4.55812,51.87702],[4.558117,51.877019],[4.558112,51.877017],[4.55798,51.876972],[4.557846,51.876919],[4.557779,51.876888],[4.557751,51.876874],[4.557611,51.876794],[4.557409,51.876685],[4.557321,51.876637],[4.557319,51.876637],[4.556993,51.876465],[4.556781,51.876349],[4.55667,51.87628],[4.556633,51.876259],[4.556631,51.876258],[4.556571,51.876224],[4.556526,51.876203],[4.556504,51.876199],[4.556251,51.876098],[4.55619,51.876076],[4.556174,51.87607],[4.556023,51.876018],[4.55587,51.875962],[4.555682,51.875896],[4.555681,51.875896],[4.555571,51.875858],[4.555525,51.87584],[4.555398,51.875789],[4.555038,51.875646],[4.554873,51.87556],[4.554812,51.875534],[4.554811,51.875534],[4.554806,51.875531],[4.554684,51.875506],[4.554582,51.875481],[4.554224,51.875383],[4.554188,51.875378],[4.554143,51.875371],[4.554071,51.875351],[4.553748,51.875258],[4.553475,51.875184],[4.553469,51.875182],[4.553388,51.87516],[4.553298,51.875144],[4.553296,51.875144],[4.553142,51.875101],[4.553065,51.87508],[4.552824,51.875021],[4.552812,51.875017],[4.552792,51.875011],[4.552643,51.874964],[4.55256,51.874937],[4.552548,51.874933],[4.552513,51.874917],[4.552502,51.874913],[4.552239,51.874816],[4.552219,51.874808],[4.552145,51.87477],[4.552118,51.874756],[4.552108,51.874751],[4.552094,51.874744],[4.552033,51.874719],[4.551937,51.874696],[4.551912,51.874691],[4.551815,51.874671],[4.55171,51.87466],[4.551635,51.874649],[4.551493,51.874644],[4.551325,51.874647],[4.551304,51.874648],[4.551243,51.874651],[4.551208,51.874654],[4.5511,51.87466],[4.550994,51.874662],[4.550991,51.874662],[4.550947,51.874657],[4.55091,51.874648],[4.550796,51.874618],[4.550756,51.87461],[4.55073,51.874605],[4.550541,51.874585],[4.550514,51.874582],[4.5505,51.87458],[4.550401,51.874562],[4.550353,51.874554],[4.550301,51.874535],[4.550271,51.874523],[4.550213,51.874502],[4.550201,51.874498],[4.550137,51.874477],[4.550093,51.874462],[4.550088,51.874461],[4.549785,51.874388],[4.549675,51.874353],[4.549275,51.874209],[4.549253,51.874201],[4.549383,51.874027],[4.549029,51.873989],[4.548931,51.87398],[4.548803,51.873967],[4.548776,51.873962],[4.548701,51.873947],[4.548583,51.873917],[4.548405,51.873874],[4.548389,51.873871],[4.548349,51.873865],[4.548284,51.873854],[4.548222,51.873844],[4.54819,51.873837],[4.548185,51.873836],[4.548117,51.873818],[4.548112,51.873816],[4.54805,51.873787],[4.548047,51.873786],[4.548034,51.87378],[4.547989,51.873754],[4.547986,51.873752],[4.547966,51.873738],[4.547926,51.873706],[4.547923,51.873703],[4.547863,51.873657],[4.547861,51.873655],[4.547838,51.873638],[4.547809,51.873619],[4.547748,51.873585],[4.547671,51.873546],[4.547611,51.873521],[4.547478,51.873467],[4.547427,51.873446],[4.547395,51.873435],[4.54738,51.87343],[4.547305,51.873399],[4.547214,51.873362],[4.547122,51.873325],[4.547031,51.873286],[4.546938,51.873247],[4.546922,51.87324],[4.546847,51.873209],[4.546834,51.873203],[4.546833,51.873203],[4.546782,51.873182],[4.546712,51.873153],[4.546606,51.87311],[4.546537,51.873085],[4.546407,51.87303],[4.546396,51.873026],[4.546393,51.873024],[4.546317,51.872993],[4.54628,51.872976],[4.546271,51.872973],[4.546239,51.872959],[4.546128,51.872907],[4.546125,51.872906],[4.545851,51.87278],[4.545783,51.872749],[4.545665,51.872696],[4.545635,51.872683],[4.545628,51.872679],[4.545582,51.872659],[4.545581,51.872658],[4.545553,51.872645],[4.54555,51.872644],[4.545496,51.872615],[4.545494,51.872613],[4.54545,51.872593],[4.54545,51.872593],[4.545351,51.872545],[4.545347,51.872543],[4.54534,51.87254],[4.545096,51.872421],[4.545091,51.872418],[4.54509,51.872418],[4.545081,51.872413],[4.544939,51.872311],[4.54478,51.872303],[4.544539,51.872303],[4.544519,51.8723],[4.544516,51.872303],[4.544474,51.872303],[4.544306,51.872302],[4.54425,51.872302],[4.544211,51.872218],[4.544156,51.872108],[4.544099,51.872013],[4.544039,51.871923],[4.543985,51.871856],[4.543966,51.871833],[4.543938,51.871793],[4.543891,51.871737],[4.543843,51.871681],[4.54379,51.871627],[4.543711,51.871556],[4.543653,51.871507],[4.543575,51.871444],[4.543398,51.871312],[4.543393,51.871306],[4.542971,51.87113],[4.542865,51.87104],[4.542722,51.870919],[4.542718,51.870916],[4.542636,51.870847],[4.542634,51.870845],[4.542579,51.870799],[4.542541,51.870807],[4.542346,51.870789],[4.542165,51.870756],[4.541942,51.870707],[4.541876,51.870692],[4.541782,51.87067],[4.541521,51.870597],[4.541081,51.87047],[4.541079,51.870469],[4.541049,51.87046],[4.540846,51.870401],[4.540673,51.870353],[4.540475,51.870299],[4.540473,51.870299],[4.54032,51.870269],[4.54029,51.870262],[4.540061,51.870204],[4.540014,51.870192],[4.540011,51.870191],[4.539996,51.870186],[4.539988,51.870184],[4.539987,51.870183],[4.539973,51.870179],[4.539972,51.870179],[4.539911,51.87016],[4.539737,51.870108],[4.539662,51.870083],[4.539448,51.870041],[4.539407,51.870033],[4.539216,51.869996],[4.539143,51.869982],[4.539135,51.869982],[4.539024,51.869968],[4.538824,51.869943],[4.538785,51.869937],[4.538699,51.869924],[4.538615,51.869913],[4.538538,51.869904],[4.538416,51.869889],[4.538342,51.869884],[4.538273,51.869882],[4.538226,51.86988],[4.538205,51.86988],[4.538105,51.86988],[4.538086,51.869879],[4.537988,51.869881],[4.537973,51.86988],[4.537895,51.869879],[4.537747,51.869875],[4.537695,51.869873],[4.53764,51.869867],[4.537638,51.869867],[4.537554,51.869857],[4.537291,51.869802],[4.537256,51.869794],[4.53724,51.869791],[4.537038,51.869763],[4.537018,51.86976],[4.536821,51.869739],[4.536766,51.869737],[4.536594,51.869731],[4.53658,51.869731],[4.536449,51.869711],[4.536434,51.869709],[4.536337,51.869685],[4.536327,51.869682],[4.536223,51.869657],[4.536152,51.869643],[4.536081,51.869629],[4.535982,51.869601],[4.535869,51.869575],[4.535818,51.86956],[4.535798,51.869554],[4.535356,51.869419],[4.535351,51.86941],[4.535351,51.869409],[4.535343,51.869394],[4.535318,51.869344],[4.535295,51.869339],[4.535239,51.869325],[4.5351,51.869382],[4.535049,51.86937],[4.535046,51.869368],[4.534822,51.869312],[4.534811,51.869309],[4.534437,51.869215],[4.534373,51.869199],[4.534216,51.869163],[4.534087,51.869137],[4.533631,51.869043],[4.532981,51.868914],[4.532974,51.868912],[4.532797,51.868883],[4.532675,51.868864],[4.532319,51.868816],[4.532027,51.868777],[4.531773,51.868783],[4.53163,51.868788],[4.531552,51.86879],[4.531531,51.86879],[4.531519,51.868776],[4.531472,51.868777],[4.531451,51.868803],[4.531107,51.868826],[4.53089,51.868838],[4.530876,51.868823],[4.530839,51.868824],[4.530827,51.868842],[4.530613,51.868848],[4.530574,51.868868],[4.530414,51.868858],[4.530376,51.86886],[4.530258,51.868867],[4.53001,51.868881],[4.529999,51.868866],[4.529964,51.868871],[4.529957,51.868888],[4.52967,51.868925],[4.529504,51.868948],[4.529422,51.868969],[4.52934,51.868993],[4.529305,51.869003],[4.529189,51.869035],[4.52911,51.869059],[4.529036,51.869076],[4.528902,51.869112],[4.528795,51.869139],[4.528735,51.869138],[4.528692,51.869137],[4.528539,51.869133],[4.528448,51.869138],[4.528254,51.869155],[4.528235,51.86914],[4.528199,51.869142],[4.528187,51.869161],[4.528072,51.869164],[4.527338,51.869325],[4.527206,51.869354],[4.527089,51.869387],[4.527001,51.869389],[4.526965,51.869376],[4.526726,51.869455],[4.52669,51.869468],[4.526397,51.869589],[4.526243,51.869659],[4.526172,51.869689],[4.526095,51.869731],[4.526085,51.869719],[4.526018,51.869731],[4.525916,51.869697],[4.525751,51.869648],[4.524982,51.869426],[4.524968,51.869422],[4.524669,51.869365],[4.524651,51.869361],[4.524558,51.869344],[4.524239,51.869283],[4.523466,51.869161],[4.523254,51.869138],[4.523202,51.869133],[4.522631,51.869078],[4.521827,51.869051],[4.521188,51.869053],[4.519686,51.869053],[4.51951,51.869052],[4.517576,51.869049],[4.516845,51.869046],[4.515781,51.86904],[4.515754,51.86904],[4.515558,51.869039],[4.515493,51.869039],[4.51538,51.869038],[4.515334,51.869037],[4.515239,51.869037],[4.515234,51.869037],[4.514918,51.869034],[4.514329,51.86903],[4.512733,51.869022],[4.512614,51.869022],[4.512484,51.869021],[4.511677,51.86902],[4.51032,51.869016],[4.510189,51.869016],[4.509513,51.869014],[4.50833,51.869012],[4.507174,51.86901],[4.507039,51.86901],[4.505919,51.869007],[4.505905,51.869007],[4.50468,51.869003],[4.503752,51.869001],[4.502057,51.868998],[4.502021,51.868998],[4.501691,51.868997],[4.500645,51.868993],[4.500299,51.868992],[4.498306,51.868984],[4.496456,51.868971],[4.496219,51.868969],[4.496122,51.868969],[4.496144,51.869022],[4.495484,51.869017],[4.495485,51.868971],[4.4949,51.86897],[4.494766,51.86897],[4.494654,51.868969],[4.49439,51.868969],[4.49429,51.868969],[4.494048,51.868968],[4.49404,51.868968],[4.494012,51.868957],[4.493996,51.868951],[4.493964,51.868939],[4.49395,51.868934],[4.493862,51.8689],[4.493698,51.868858],[4.493206,51.868672],[4.493111,51.868636],[4.493089,51.868628],[4.493041,51.868611],[4.492966,51.868584],[4.492926,51.868575],[4.492888,51.868567],[4.492778,51.868538],[4.492627,51.868503],[4.492622,51.868503],[4.492522,51.868484],[4.49241,51.868465],[4.492304,51.868448],[4.492142,51.868427],[4.492048,51.868404],[4.491996,51.868387],[4.491867,51.868358],[4.491791,51.868332],[4.491662,51.868286],[4.491359,51.86817],[4.49116,51.868101],[4.490827,51.868003],[4.490777,51.867987],[4.490752,51.867992],[4.490554,51.867927],[4.490393,51.867883],[4.490199,51.867831],[4.489855,51.867729],[4.489862,51.867714],[4.489817,51.867703],[4.489804,51.867719],[4.489567,51.867656],[4.489227,51.867538],[4.489176,51.867515],[4.489149,51.867503],[4.489134,51.867483],[4.489139,51.867473],[4.489116,51.867469],[4.489089,51.867461],[4.488937,51.867416],[4.488753,51.867348],[4.488683,51.867337],[4.488568,51.867316],[4.488492,51.867306],[4.488289,51.867289],[4.488173,51.867278],[4.488046,51.86727],[4.488014,51.867265],[4.487795,51.867238],[4.487706,51.867224],[4.487557,51.867202],[4.487547,51.867201],[4.487485,51.867197],[4.487357,51.867191],[4.487318,51.867189],[4.487175,51.867171],[4.486967,51.867106],[4.486939,51.867097],[4.486864,51.867065],[4.486859,51.867056],[4.486863,51.867052],[4.486823,51.867036],[4.486793,51.867039],[4.486784,51.867034],[4.486761,51.867024],[4.486742,51.867015],[4.486672,51.866982],[4.486626,51.866963],[4.48661,51.866956],[4.4866,51.866952],[4.486486,51.866904],[4.486451,51.866892],[4.486426,51.866885],[4.486399,51.866875],[4.486268,51.866828],[4.486135,51.866779],[4.486039,51.866745],[4.485824,51.866656],[4.485791,51.866643],[4.485693,51.866595],[4.485709,51.86658],[4.485665,51.866564],[4.48565,51.866577],[4.485649,51.866578],[4.485646,51.866577],[4.485479,51.86653],[4.485309,51.866473],[4.484793,51.866289],[4.484778,51.866274],[4.484737,51.866264],[4.484723,51.866269],[4.484717,51.866267],[4.484698,51.86626],[4.484568,51.866216],[4.484533,51.866204],[4.484415,51.86617],[4.484249,51.866123],[4.484202,51.86611],[4.484178,51.866104],[4.484081,51.866078],[4.484056,51.866071],[4.483991,51.86605],[4.483951,51.866036],[4.48394,51.866032],[4.48388,51.86601],[4.483819,51.865989],[4.48372,51.865957],[4.483719,51.865957],[4.483672,51.865942],[4.483543,51.865905],[4.48305,51.865783],[4.482886,51.865748],[4.482804,51.865729],[4.482802,51.865729],[4.482786,51.865725],[4.482704,51.865705],[4.482612,51.865679],[4.482605,51.865677],[4.482283,51.865584],[4.482149,51.865547],[4.48176,51.865447],[4.481703,51.865437],[4.481701,51.865437],[4.481526,51.865433],[4.481486,51.865431],[4.48147,51.865431],[4.481445,51.86543],[4.481277,51.865408],[4.481202,51.865391],[4.48112,51.86537],[4.481096,51.865363],[4.481055,51.865348],[4.480948,51.865323],[4.480945,51.865323],[4.480924,51.865318],[4.480815,51.865314],[4.480771,51.865306],[4.480768,51.865305],[4.48074,51.865293],[4.480728,51.865266],[4.480571,51.865277],[4.480459,51.865281],[4.48044,51.865282],[4.480351,51.865285],[4.480213,51.86528],[4.48015,51.865279],[4.479916,51.865274],[4.479997,51.865271],[4.48003,51.865267],[4.480053,51.865253],[4.480078,51.865229],[4.480131,51.865177],[4.480134,51.865174],[4.480135,51.865172],[4.480188,51.865105],[4.48021,51.865065],[4.480211,51.865046],[4.480212,51.865039],[4.480215,51.865002],[4.480217,51.86495],[4.480218,51.864924],[4.480219,51.864867],[4.48022,51.864798],[4.480223,51.864735],[4.480226,51.864683],[4.480226,51.864678],[4.480227,51.864664],[4.48023,51.864607],[4.480234,51.864544],[4.480234,51.86454],[4.480238,51.864479],[4.480241,51.864422],[4.480242,51.864417],[4.480243,51.86441],[4.48025,51.864353],[4.480257,51.864295],[4.480264,51.864243],[4.480286,51.864068],[4.480286,51.864063],[4.48029,51.864035],[4.480294,51.863852],[4.480296,51.863797],[4.480297,51.863757],[4.480299,51.863717],[4.480299,51.863714],[4.480299,51.863712],[4.4803,51.863674],[4.4803,51.863668],[4.480301,51.863618],[4.480301,51.863578],[4.480301,51.863571],[4.480304,51.863538],[4.480309,51.863488],[4.480314,51.863437],[4.480318,51.863397],[4.480322,51.863356],[4.480327,51.863302],[4.480327,51.863301],[4.480333,51.863271],[4.480348,51.863187],[4.48035,51.863167],[4.480351,51.863155],[4.480364,51.862954],[4.480364,51.862954],[4.480364,51.862941],[4.480366,51.862911],[4.480383,51.86264],[4.480401,51.862353],[4.480403,51.862328],[4.47998,51.862282],[4.47732,51.862002],[4.477275,51.861997],[4.474657,51.861937],[4.474392,51.861896],[4.474351,51.861889],[4.473924,51.86182],[4.473423,51.861739],[4.471863,51.861667],[4.471008,51.86168],[4.468881,51.86176],[4.468222,51.861784],[4.467933,51.861804],[4.467364,51.861851],[4.466545,51.861936],[4.465398,51.862062],[4.46535,51.862049],[4.465229,51.862018],[4.465043,51.862041],[4.464961,51.862051],[4.464954,51.862052],[4.464356,51.86213],[4.463682,51.86223],[4.463088,51.862323],[4.462191,51.862476],[4.460588,51.862836],[4.45805,51.863447],[4.453533,51.864546],[4.452136,51.864837],[4.450355,51.865219],[4.446475,51.866051],[4.445296,51.866231],[4.445026,51.866272],[4.444959,51.866283],[4.444337,51.866333],[4.442766,51.866311],[4.44222,51.866262],[4.44215,51.866245],[4.442116,51.866237],[4.441985,51.866207],[4.441966,51.866202],[4.441761,51.866148],[4.441718,51.866134],[4.44102,51.86591],[4.440977,51.865938],[4.440585,51.866193],[4.440241,51.866418],[4.440241,51.866418],[4.440106,51.866507],[4.440093,51.866515],[4.439044,51.867202],[4.438211,51.867614],[4.438142,51.867616],[4.437897,51.867715],[4.43758,51.867843],[4.437538,51.86786],[4.437061,51.868052],[4.437059,51.868053],[4.437047,51.868058],[4.437066,51.868065],[4.437487,51.868227],[4.43653,51.868574],[4.4347,51.869109],[4.434321,51.869216],[4.433118,51.86949],[4.432295,51.869681],[4.431736,51.869809],[4.430516,51.869478],[4.430228,51.869409],[4.430096,51.869478],[4.430092,51.86948],[4.429107,51.869997],[4.428515,51.870303],[4.428369,51.870378],[4.428212,51.870459],[4.427943,51.870591],[4.427927,51.870599],[4.427743,51.870666],[4.427651,51.8707],[4.427261,51.8708],[4.426973,51.870851],[4.426531,51.870933],[4.425902,51.871045],[4.425358,51.871144],[4.424549,51.871313],[4.423372,51.871524],[4.422243,51.871715],[4.421193,51.871894],[4.420293,51.872047],[4.419564,51.872163],[4.419126,51.872229],[4.418555,51.872312],[4.418149,51.872375],[4.417619,51.872421],[4.41719,51.87244],[4.416946,51.872454],[4.416446,51.872455],[4.416117,51.872448],[4.415824,51.872436],[4.415698,51.872329],[4.415696,51.872328],[4.415674,51.872309],[4.415673,51.872308],[4.415609,51.872253],[4.415001,51.871736],[4.414649,51.871884],[4.41463,51.871892],[4.414336,51.871845],[4.413699,51.871743],[4.413536,51.871735],[4.413059,51.871719],[4.412519,51.871695],[4.412314,51.871489],[4.412253,51.871429],[4.411796,51.871551],[4.41164,51.871594],[4.411523,51.871627],[4.411501,51.871633],[4.411264,51.871698],[4.411243,51.871852],[4.410925,51.871827],[4.410835,51.87182],[4.410719,51.871818],[4.40996,51.871804],[4.409606,51.871798],[4.409607,51.871982],[4.409623,51.872212],[4.409513,51.87225],[4.409021,51.872423],[4.408358,51.872609],[4.407729,51.872712],[4.407328,51.872768],[4.407187,51.872787],[4.406901,51.872792],[4.406227,51.872803],[4.406235,51.872824],[4.406255,51.872875],[4.4063,51.872991],[4.406348,51.873114],[4.40635,51.873117],[4.405771,51.873198],[4.40577,51.873196],[4.405725,51.873075],[4.405655,51.872889],[4.405637,51.872841],[4.405636,51.872839],[4.405632,51.872828],[4.405627,51.872815],[4.405507,51.872819],[4.404705,51.872847],[4.404475,51.872855],[4.404275,51.872853],[4.403323,51.872847],[4.403241,51.872843],[4.402688,51.872812],[4.402004,51.872773],[4.401967,51.87277],[4.401918,51.872765],[4.401336,51.872696],[4.401239,51.872673],[4.400983,51.872612],[4.400459,51.872491],[4.400036,51.872392],[4.399967,51.872376],[4.399962,51.872375],[4.399834,51.872344],[4.399223,51.872199],[4.397909,51.872255],[4.397337,51.872279],[4.397177,51.872282],[4.397173,51.872283],[4.396701,51.872294],[4.396329,51.872321],[4.395983,51.872336],[4.395977,51.872337],[4.395974,51.872337],[4.395864,51.872342],[4.394846,51.872333],[4.394971,51.872302],[4.394652,51.87224],[4.394613,51.872232],[4.394606,51.872231],[4.394063,51.872122],[4.393726,51.87205],[4.393576,51.872016],[4.393569,51.872015],[4.393378,51.871971],[4.393344,51.871962],[4.39309,51.871889],[4.392841,51.871806],[4.392733,51.871755],[4.392663,51.871723],[4.392049,51.871447],[4.391783,51.871328],[4.391493,51.871178],[4.391102,51.87094],[4.391081,51.870927],[4.390432,51.87058],[4.390384,51.870549],[4.390123,51.870336],[4.390059,51.870284],[4.390055,51.870281],[4.389869,51.870131],[4.389746,51.870012],[4.389706,51.869972],[4.389697,51.869963],[4.389632,51.8699],[4.38963,51.869899],[4.389508,51.869779],[4.389095,51.869378],[4.389025,51.86931],[4.388527,51.868821],[4.388356,51.868625],[4.388356,51.868625],[4.388355,51.868625],[4.388314,51.868578],[4.388314,51.868577],[4.388299,51.86856],[4.388034,51.868261],[4.388022,51.868247],[4.387924,51.868135],[4.387823,51.868019],[4.387102,51.867198],[4.386829,51.866888],[4.386392,51.866407],[4.386369,51.866381],[4.38622,51.866217],[4.386025,51.865856],[4.38565,51.864786],[4.385648,51.864779],[4.385459,51.864239],[4.385458,51.864237],[4.385246,51.863681],[4.385224,51.863623],[4.384898,51.862777],[4.384878,51.862723],[4.385485,51.861771],[4.384598,51.861737],[4.384596,51.861736],[4.384496,51.861729],[4.384487,51.861705],[4.384459,51.861634],[4.384454,51.861622],[4.38445,51.861609],[4.384437,51.861562],[4.384417,51.861491],[4.38435,51.861245],[4.384348,51.861237],[4.384336,51.861192],[4.384329,51.861165],[4.384243,51.86081],[4.383749,51.858772],[4.383717,51.85864],[4.383505,51.857763],[4.383505,51.857726],[4.383512,51.85737],[4.383512,51.85737],[4.383518,51.857207],[4.383715,51.856721],[4.383716,51.856719],[4.383718,51.856714],[4.384119,51.85635],[4.384129,51.856341],[4.384622,51.855894],[4.384628,51.855889],[4.385022,51.855532],[4.385029,51.855448],[4.385029,51.855444],[4.385088,51.854691],[4.385089,51.854687],[4.385162,51.853759],[4.38496,51.853617],[4.384937,51.853609],[4.384909,51.853599],[4.385068,51.853432],[4.385067,51.853432],[4.384997,51.853399],[4.384572,51.853228],[4.384481,51.853196],[4.384296,51.853131],[4.384239,51.853111],[4.383706,51.852736],[4.383229,51.852402],[4.383229,51.852383],[4.383231,51.85234],[4.383233,51.852264],[4.383235,51.852204],[4.383245,51.851679],[4.383246,51.851633],[4.383278,51.850057],[4.383282,51.849835],[4.383292,51.849341],[4.383312,51.848364],[4.383312,51.848336],[4.383321,51.847911],[4.383325,51.847714],[4.383348,51.846543],[4.383567,51.846482],[4.383571,51.846308],[4.383573,51.846244],[4.383573,51.846214],[4.383575,51.846156],[4.383575,51.846117],[4.383596,51.845187],[4.383606,51.844741],[4.383628,51.843741],[4.383665,51.842118],[4.383195,51.842142],[4.382808,51.842159],[4.38247,51.842174],[4.38215,51.842189],[4.381784,51.842209],[4.38139,51.84223],[4.381021,51.842246],[4.38074,51.842265],[4.380356,51.842295],[4.380031,51.842314],[4.379679,51.842342],[4.379331,51.842366],[4.378871,51.842407],[4.378544,51.842432],[4.378276,51.842453],[4.377856,51.842492],[4.376489,51.842615],[4.374462,51.842871],[4.372946,51.843163],[4.372089,51.843348],[4.371371,51.843503],[4.369448,51.843952],[4.367599,51.844383],[4.364901,51.845152],[4.362842,51.845798],[4.362537,51.845896],[4.360779,51.84646],[4.360639,51.846504],[4.35998,51.846714],[4.359648,51.846827],[4.357528,51.847558],[4.355558,51.848261],[4.354926,51.848486],[4.354141,51.848833],[4.354114,51.848844],[4.35363,51.849053],[4.352582,51.849505],[4.350467,51.850631],[4.350199,51.850794],[4.348315,51.851959],[4.346276,51.853286],[4.346272,51.853289],[4.345511,51.853811],[4.344437,51.854534],[4.34268,51.855895],[4.341555,51.857097],[4.341265,51.857407],[4.340817,51.857972],[4.33993,51.859112],[4.339782,51.859311],[4.339719,51.859384],[4.339652,51.859461],[4.339651,51.859462],[4.339456,51.859685],[4.338317,51.861034],[4.336032,51.863708],[4.335554,51.864302],[4.33554,51.864302],[4.332849,51.864311],[4.330692,51.86432],[4.329888,51.864322],[4.329717,51.864322],[4.329709,51.864322],[4.32171,51.864352],[4.318662,51.86436],[4.318646,51.86436],[4.298114,51.86443],[4.298045,51.86443],[4.297493,51.864432],[4.295413,51.864439],[4.286312,51.864468],[4.286264,51.864468],[4.283792,51.864476],[4.282887,51.864479],[4.272181,51.864513],[4.269163,51.864522],[4.268975,51.864523],[4.268756,51.864525],[4.268408,51.864531],[4.268123,51.86454],[4.267834,51.86455],[4.267581,51.864559],[4.267249,51.864578],[4.266977,51.864592],[4.266691,51.864613],[4.266412,51.864632],[4.266105,51.864657],[4.26565,51.864701],[4.265471,51.864719],[4.265399,51.864726],[4.265226,51.864746],[4.265031,51.864767],[4.264666,51.864812],[4.264508,51.864832],[4.264267,51.864865],[4.26412,51.864885],[4.263859,51.864924],[4.263733,51.864943],[4.263583,51.864967],[4.263397,51.864997],[4.263245,51.865023],[4.263093,51.865049],[4.262942,51.865076],[4.26279,51.865103],[4.26264,51.865131],[4.262489,51.86516],[4.262338,51.865189],[4.262188,51.865219],[4.262039,51.86525],[4.261889,51.865281],[4.26174,51.865313],[4.261592,51.865345],[4.261573,51.865349],[4.261555,51.865353],[4.261403,51.865387],[4.261252,51.865422],[4.261101,51.865457],[4.26095,51.865493],[4.260799,51.86553],[4.260649,51.865567],[4.2605,51.865605],[4.260351,51.865643],[4.260202,51.865682],[4.260054,51.865722],[4.259906,51.865762],[4.259758,51.865803],[4.259611,51.865845],[4.259465,51.865887],[4.259319,51.86593],[4.259173,51.865973],[4.259028,51.866017],[4.258884,51.866062],[4.25874,51.866107],[4.258596,51.866153],[4.258453,51.8662],[4.25831,51.866247],[4.258168,51.866294],[4.258027,51.866343],[4.257886,51.866392],[4.257746,51.866441],[4.257606,51.866491],[4.257466,51.866542],[4.257328,51.866593],[4.257189,51.866645],[4.252578,51.86826],[4.251481,51.868645],[4.25049,51.868988],[4.249373,51.869377],[4.249103,51.869471],[4.248142,51.869811],[4.246198,51.870495],[4.246185,51.8705],[4.246117,51.870523],[4.245826,51.870626],[4.2448,51.870985],[4.243964,51.871276],[4.243636,51.871389],[4.242811,51.871675],[4.241773,51.872042],[4.24089,51.872356],[4.24041,51.872542],[4.239917,51.872753],[4.239383,51.872986],[4.239193,51.873074],[4.238866,51.87323],[4.238652,51.873341],[4.238085,51.873629],[4.237535,51.873923],[4.237153,51.874153],[4.236498,51.874542],[4.236005,51.874875],[4.235519,51.875214],[4.235061,51.875563],[4.234622,51.875914],[4.234191,51.876272],[4.233797,51.876634],[4.233372,51.877053],[4.23297,51.877486],[4.232333,51.878223],[4.232033,51.87862],[4.231743,51.879035],[4.231485,51.879452],[4.231263,51.879842],[4.230832,51.880727],[4.23064,51.881204],[4.230502,51.8816],[4.230034,51.883049],[4.23003,51.883063],[4.229984,51.8832],[4.229734,51.883956],[4.229712,51.884015],[4.229614,51.884292],[4.229445,51.88473],[4.229275,51.885122],[4.229222,51.885245],[4.229052,51.885584],[4.228998,51.885685],[4.228845,51.885975],[4.228595,51.8864],[4.228403,51.886705],[4.22831,51.886853],[4.228069,51.887211],[4.227906,51.887432],[4.227692,51.887722],[4.227415,51.88807],[4.22716,51.888361],[4.226784,51.888787],[4.226444,51.889162],[4.225709,51.889981],[4.225042,51.890729],[4.224521,51.891311],[4.22425,51.891613],[4.2237,51.892231],[4.223142,51.892863],[4.222556,51.893523],[4.222037,51.894108],[4.221644,51.894544],[4.221263,51.894949],[4.22082,51.895392],[4.220641,51.895556],[4.220503,51.895681],[4.220272,51.895885],[4.220067,51.896067],[4.219554,51.896485],[4.219405,51.896609],[4.219009,51.896914],[4.218654,51.897189],[4.218334,51.897415],[4.217948,51.897678],[4.217932,51.897688],[4.217854,51.89774],[4.217474,51.897989],[4.217011,51.89828],[4.216592,51.898536],[4.216271,51.898731],[4.215907,51.898938],[4.215511,51.899146],[4.214923,51.899447],[4.214438,51.89966],[4.214106,51.899807],[4.213784,51.899947],[4.213334,51.900103],[4.212687,51.900329],[4.212162,51.900513],[4.211562,51.90085],[4.211053,51.901135],[4.210787,51.901288],[4.210777,51.901294],[4.210765,51.901301],[4.210715,51.901333],[4.210705,51.901338],[4.210705,51.901339],[4.210606,51.901388],[4.210503,51.901439],[4.210475,51.90145],[4.21044,51.901465],[4.209848,51.90172],[4.209246,51.901978],[4.209,51.902087],[4.208773,51.90224],[4.208425,51.902477],[4.208058,51.902725],[4.207754,51.902929],[4.207516,51.903067],[4.207082,51.903315],[4.206667,51.903549],[4.206212,51.903777],[4.205827,51.903967],[4.205395,51.904186],[4.204861,51.90445],[4.204375,51.904695],[4.203671,51.905049],[4.203006,51.905379],[4.202335,51.905713],[4.201755,51.906004],[4.201382,51.906191],[4.200782,51.906506],[4.198502,51.907653],[4.197099,51.908301],[4.19631,51.90864],[4.195866,51.908819],[4.194923,51.909197],[4.194384,51.909399],[4.193442,51.90973],[4.192692,51.909994],[4.191243,51.910503],[4.190242,51.910856],[4.190237,51.910857],[4.189847,51.911001],[4.189046,51.911304],[4.188319,51.911595],[4.18803,51.91171],[4.187194,51.912065],[4.186678,51.912285],[4.186091,51.912553],[4.185694,51.912736],[4.185371,51.912886],[4.184649,51.91324],[4.183744,51.913691],[4.181676,51.914723],[4.181265,51.914934],[4.180832,51.915169],[4.180832,51.915169],[4.180613,51.915289],[4.179959,51.915658],[4.17974,51.915789],[4.179446,51.915974],[4.179014,51.916262],[4.177843,51.91709],[4.177341,51.917449],[4.177224,51.91753],[4.177132,51.917588],[4.176954,51.917689],[4.176795,51.917777],[4.176773,51.917789],[4.176534,51.917893],[4.176475,51.91792],[4.176225,51.918018],[4.175949,51.918102],[4.175909,51.918114],[4.17565,51.918181],[4.175525,51.918212],[4.175265,51.91826],[4.174972,51.918302],[4.174693,51.918333],[4.174253,51.918383],[4.173878,51.918428],[4.173374,51.91848],[4.172923,51.918528],[4.172712,51.91855],[4.1726,51.918562],[4.172455,51.918578],[4.172385,51.918586],[4.172217,51.918606],[4.171904,51.91864],[4.171164,51.91872],[4.170756,51.918765],[4.170445,51.918799],[4.170117,51.918834],[4.169811,51.918868],[4.169474,51.918905],[4.16912,51.918944],[4.168751,51.918985],[4.168497,51.919012],[4.168358,51.91903],[4.168276,51.919039],[4.168187,51.919057],[4.168148,51.919197],[4.168023,51.919276],[4.16798,51.919455],[4.167947,51.919592],[4.167875,51.919881],[4.167814,51.920118],[4.167706,51.920562],[4.16768,51.92066],[4.167661,51.92078],[4.167633,51.920953],[4.167611,51.921093],[4.167604,51.921193],[4.167596,51.921303],[4.167578,51.921551],[4.167659,51.921569],[4.167636,51.921684],[4.167597,51.921867],[4.167486,51.922024],[4.167389,51.922166],[4.16734,51.922235],[4.167289,51.922437],[4.167245,51.922609],[4.167209,51.92275],[4.16719,51.922826],[4.167114,51.922966],[4.167018,51.923125],[4.166881,51.923279],[4.166562,51.923656],[4.166361,51.923886],[4.166199,51.924072],[4.165999,51.924259],[4.165774,51.924461],[4.165554,51.924662],[4.165223,51.924944],[4.164917,51.925209],[4.164643,51.925444],[4.164342,51.925689],[4.164109,51.925869],[4.163956,51.925973],[4.163833,51.926051],[4.163755,51.926093],[4.163421,51.926271],[4.163149,51.926412],[4.162795,51.926589],[4.162669,51.926652],[4.162172,51.926832],[4.161694,51.927009],[4.161238,51.927177],[4.160671,51.927384],[4.160178,51.927564],[4.160019,51.92762],[4.15988,51.927652],[4.159796,51.927672],[4.159823,51.92771],[4.159786,51.927745],[4.159584,51.927801],[4.159399,51.927854],[4.159307,51.927835],[4.159284,51.927791],[4.159252,51.927799],[4.158946,51.927884],[4.158362,51.928048],[4.158115,51.928117],[4.158086,51.92812],[4.157465,51.928166],[4.157142,51.928189],[4.157051,51.9282],[4.156545,51.92828],[4.156394,51.928306],[4.155927,51.928377],[4.155612,51.928429],[4.155071,51.928512],[4.154942,51.928534],[4.15427,51.928563],[4.154132,51.928569],[4.153971,51.928588],[4.153204,51.928667],[4.152523,51.928739],[4.151879,51.928804],[4.151708,51.928889],[4.151349,51.929056],[4.150815,51.929307],[4.150304,51.929555],[4.149781,51.929796],[4.149281,51.930011],[4.148852,51.930187],[4.148398,51.930357],[4.148008,51.930504],[4.147663,51.930621],[4.147221,51.930769],[4.14698,51.930845],[4.146583,51.930964],[4.146359,51.931027],[4.146123,51.931095],[4.145796,51.931189],[4.145431,51.931285],[4.145044,51.931379],[4.14489,51.931409],[4.144066,51.931584],[4.143488,51.931704],[4.143176,51.931759],[4.142996,51.931791],[4.142892,51.931809],[4.142399,51.93189],[4.142297,51.931905],[4.141988,51.931949],[4.141685,51.931989],[4.139933,51.932221],[4.139514,51.932276],[4.135553,51.932796],[4.131636,51.933311],[4.131625,51.933312],[4.13087,51.933408],[4.129916,51.933531],[4.128642,51.9337],[4.113056,51.935741],[4.112951,51.935482],[4.112948,51.935475],[4.112836,51.935197],[4.112675,51.934798],[4.109661,51.935616],[4.109532,51.935651],[4.108559,51.935915],[4.107724,51.936142],[4.106802,51.934689],[4.105973,51.933385],[4.105621,51.933299],[4.105106,51.932468],[4.10263,51.928472],[4.101814,51.927166],[4.10172,51.927009],[4.101906,51.924719],[4.101917,51.924583],[4.101966,51.923976],[4.102003,51.92353],[4.102003,51.92353],[4.102003,51.92353],[4.101645,51.923873],[4.101266,51.924242],[4.101201,51.924307],[4.100838,51.924666],[4.096831,51.928632],[4.093087,51.932337],[4.092894,51.932528],[4.087638,51.933217],[4.086696,51.933333],[4.085793,51.933433],[4.084801,51.933527],[4.08433,51.933564],[4.083354,51.933639],[4.082838,51.933671],[4.081894,51.933717],[4.081415,51.933741],[4.081014,51.933759],[4.080318,51.933774],[4.079038,51.933795],[4.078111,51.933793],[4.076942,51.933772],[4.076117,51.933745],[4.075608,51.933726],[4.075105,51.9337],[4.074606,51.933685],[4.074383,51.933672],[4.074161,51.933658],[4.073939,51.933644],[4.073716,51.933629],[4.073494,51.933613],[4.073272,51.933596],[4.07305,51.933579],[4.072829,51.933561],[4.072607,51.933542],[4.072386,51.933523],[4.072164,51.933503],[4.071943,51.933482],[4.071722,51.933461],[4.071502,51.933438],[4.071281,51.933416],[4.071061,51.933392],[4.070841,51.933368],[4.070621,51.933343],[4.070401,51.933317],[4.070181,51.933291],[4.069962,51.933264],[4.069743,51.933236],[4.069524,51.933207],[4.069306,51.933178],[4.069087,51.933148],[4.068869,51.933118],[4.068651,51.933087],[4.068434,51.933055],[4.068217,51.933022],[4.067999,51.932989],[4.067783,51.932955],[4.067566,51.93292],[4.06735,51.932885],[4.067134,51.932849],[4.066919,51.932812],[4.066703,51.932775],[4.066488,51.932737],[4.066274,51.932698],[4.066059,51.932659],[4.065845,51.932619],[4.065632,51.932578],[4.065418,51.932536],[4.065206,51.932494],[4.064993,51.932451],[4.064781,51.932408],[4.064569,51.932364],[4.064357,51.932319],[4.064146,51.932273],[4.063935,51.932227],[4.063725,51.93218],[4.063515,51.932133],[4.063305,51.932085],[4.061159,51.931571],[4.059957,51.931292],[4.05697,51.930602],[4.053684,51.929836],[4.050696,51.929144],[4.045152,51.927853],[4.040314,51.926733],[4.038152,51.92624],[4.037771,51.926151],[4.036948,51.925966],[4.036594,51.925884],[4.036009,51.925748],[4.035703,51.925677],[4.035587,51.92565],[4.032607,51.924958],[4.027207,51.923703],[4.027205,51.923703],[4.024172,51.922996],[4.01859,51.921694],[4.018564,51.921688],[4.013558,51.920521],[4.013558,51.920521],[4.012644,51.920308],[4.012637,51.920306],[4.008179,51.919267],[4.008157,51.919262],[4.00726,51.919052],[4.00726,51.919052],[3.998141,51.916925],[3.995815,51.916382],[3.995067,51.916207],[3.995039,51.916278],[3.994882,51.916371],[3.994745,51.916453],[3.994668,51.916485],[3.994546,51.916536],[3.994479,51.916547],[3.994314,51.916574],[3.994097,51.916621],[3.993957,51.916681],[3.993824,51.916765],[3.993583,51.916943],[3.993326,51.91718],[3.99306,51.917332],[3.992646,51.917541],[3.992299,51.9177],[3.992138,51.917773],[3.991581,51.918023],[3.991184,51.918273],[3.990942,51.918408],[3.990837,51.918531],[3.99079,51.918587],[3.990644,51.918651],[3.990521,51.918705],[3.990264,51.918809],[3.990263,51.918809],[3.990127,51.918891],[3.989914,51.918973],[3.989877,51.918988],[3.989814,51.919046],[3.98983,51.91907],[3.989866,51.919121],[3.989987,51.919181],[3.990023,51.919314],[3.990032,51.919344],[3.990062,51.919501],[3.989971,51.919681],[3.989845,51.919782],[3.989723,51.91988],[3.989514,51.920025],[3.989139,51.920113],[3.988744,51.920182],[3.988541,51.920266],[3.988234,51.920374],[3.987749,51.920501],[3.987186,51.920567],[3.986824,51.920578],[3.986556,51.920527],[3.98641,51.920409],[3.986409,51.920405],[3.986358,51.920206],[3.98636,51.920054],[3.98636,51.920047],[3.986361,51.920044],[3.986432,51.91992],[3.986486,51.919827],[3.986544,51.91976],[3.986614,51.91968],[3.986641,51.919648],[3.986763,51.919566],[3.986812,51.919533],[3.986971,51.919424],[3.987015,51.919414],[3.987166,51.919379],[3.987188,51.919374],[3.987266,51.919354],[3.987289,51.919225],[3.987322,51.919148],[3.987326,51.919138],[3.987349,51.919124],[3.987428,51.91909],[3.98759,51.91907],[3.98774,51.919071],[3.987795,51.919052],[3.98783,51.919039],[3.988004,51.918865],[3.988107,51.918782],[3.988384,51.9186],[3.988417,51.918578],[3.989206,51.918248],[3.989295,51.918202],[3.989422,51.91812],[3.989431,51.918114],[3.989559,51.918031],[3.989646,51.917982],[3.98968,51.917963],[3.989653,51.917946],[3.989581,51.917908],[3.989569,51.917904],[3.98951,51.917908],[3.989423,51.917908],[3.989273,51.917902],[3.989141,51.917882],[3.989035,51.91786],[3.988964,51.917863],[3.988947,51.917872],[3.988937,51.917878],[3.988854,51.917922],[3.988741,51.917972],[3.988532,51.918079],[3.988327,51.918161],[3.988128,51.918216],[3.988114,51.918223],[3.987921,51.918316],[3.987669,51.918438],[3.98763,51.918461],[3.987625,51.918463],[3.987553,51.918505],[3.987493,51.91854],[3.987329,51.918635],[3.987127,51.918728],[3.986964,51.918777],[3.986906,51.918836],[3.98684,51.918912],[3.98684,51.918912],[3.986534,51.919033],[3.986054,51.919134],[3.985822,51.919167],[3.985746,51.919193],[3.985639,51.919229],[3.985587,51.919276],[3.985587,51.919276],[3.985587,51.919276],[3.985587,51.919276],[3.985413,51.919343],[3.985282,51.919337],[3.985142,51.919275],[3.985079,51.919187],[3.985029,51.919102],[3.985021,51.919089],[3.985077,51.919037],[3.985086,51.91903],[3.985096,51.91902],[3.985225,51.918941],[3.985229,51.918923],[3.985238,51.918879],[3.985257,51.918782],[3.985247,51.918513],[3.985262,51.918256],[3.985262,51.918252],[3.985263,51.918233],[3.985317,51.9179],[3.985331,51.917814],[3.985377,51.917617],[3.98544,51.917355],[3.985501,51.91722],[3.985598,51.917004],[3.985671,51.917001],[3.985763,51.917007],[3.985991,51.917078],[3.986096,51.917061],[3.986171,51.916997],[3.986173,51.916907],[3.985978,51.916755],[3.985924,51.916732],[3.98596,51.916635],[3.986026,51.916589],[3.98621,51.916591],[3.986382,51.916638],[3.986485,51.916661],[3.986608,51.916662],[3.98668,51.916687],[3.98678,51.916683],[3.986916,51.916645],[3.987032,51.916634],[3.987102,51.916599],[3.987188,51.916572],[3.987261,51.91657],[3.987379,51.916598],[3.987503,51.916595],[3.987619,51.916575],[3.987677,51.91654],[3.987694,51.916485],[3.98767,51.916413],[3.9876,51.916348],[3.987462,51.91629],[3.98721,51.916207],[3.986938,51.916147],[3.986751,51.916123],[3.986602,51.916104],[3.986262,51.916088],[3.985949,51.916096],[3.985592,51.916137],[3.985335,51.916202],[3.985221,51.916248],[3.984968,51.916432],[3.984871,51.91654],[3.984738,51.91669],[3.984676,51.916798],[3.984577,51.916992],[3.984501,51.917164],[3.98445,51.917301],[3.984398,51.917459],[3.98436,51.917575],[3.984338,51.917605],[3.984287,51.917675],[3.984214,51.917753],[3.984071,51.917853],[3.984052,51.917867],[3.983981,51.917918],[3.983963,51.917931],[3.983916,51.917977],[3.983798,51.918091],[3.983794,51.918095],[3.983671,51.918323],[3.983569,51.91851],[3.983561,51.918525],[3.983385,51.91885],[3.983102,51.919656],[3.982932,51.920059],[3.982837,51.920282],[3.982833,51.920296],[3.982822,51.920329],[3.982695,51.920721],[3.982545,51.921266],[3.982392,51.921823],[3.982354,51.921946],[3.982154,51.922609],[3.982092,51.922817],[3.982083,51.922835],[3.981822,51.923355],[3.981809,51.923381],[3.981718,51.923565],[3.981119,51.924765],[3.981093,51.924808],[3.981085,51.924825],[3.981049,51.924884],[3.980858,51.925211],[3.980834,51.925251],[3.980328,51.926114],[3.980017,51.92671],[3.980004,51.926743],[3.979776,51.927306],[3.979698,51.927499],[3.979662,51.927588],[3.97932,51.928491],[3.97931,51.92851],[3.978982,51.929149],[3.978805,51.929403],[3.978738,51.929499],[3.978736,51.929502],[3.978578,51.929729],[3.978376,51.9301],[3.978231,51.930368],[3.97789,51.930955],[3.977847,51.931029],[3.977494,51.93177],[3.977417,51.931933],[3.977044,51.932569],[3.976217,51.934066],[3.976198,51.934097],[3.976075,51.93432],[3.975953,51.934524],[3.975951,51.934527],[3.975316,51.935589],[3.975218,51.935742],[3.975077,51.93596],[3.974311,51.937146],[3.974183,51.93735],[3.974164,51.937381],[3.97318,51.93895],[3.972599,51.939982],[3.972586,51.940005],[3.972563,51.940046],[3.971934,51.940938],[3.97179,51.941148],[3.971381,51.941742],[3.971019,51.942353],[3.970852,51.942636],[3.97072,51.942878],[3.970713,51.94289],[3.970417,51.943434],[3.970299,51.943642],[3.970025,51.944067],[3.969484,51.944905],[3.968986,51.945694],[3.968966,51.945726],[3.968758,51.946055],[3.967893,51.94742],[3.967801,51.947564],[3.967692,51.947736],[3.967626,51.947841],[3.967413,51.948151],[3.96719,51.948484],[3.966558,51.949413],[3.965885,51.950456],[3.96587,51.950477],[3.965858,51.950495],[3.965191,51.951432],[3.964823,51.951949],[3.964577,51.952305],[3.964303,51.952726],[3.964257,51.952796],[3.964201,51.952886],[3.964084,51.95307],[3.963948,51.953284],[3.9635,51.954198],[3.963294,51.954853],[3.963287,51.954877],[3.963102,51.955512],[3.962952,51.956059],[3.962777,51.956601],[3.962649,51.956868],[3.96256,51.957105],[3.962545,51.957216],[3.962542,51.957233],[3.962518,51.957407],[3.962399,51.958081],[3.962354,51.958314],[3.962334,51.958419],[3.962321,51.95854],[3.962263,51.959117],[3.962275,51.959459],[3.962276,51.959479],[3.9623,51.960161],[3.96235,51.961149],[3.962387,51.961543],[3.962488,51.961958],[3.962489,51.961964],[3.96256,51.962253],[3.962713,51.962742],[3.962774,51.962877],[3.962826,51.962955],[3.962894,51.963026],[3.962963,51.963098],[3.963042,51.963173],[3.963104,51.963267],[3.963172,51.963515],[3.963289,51.963938],[3.963396,51.964329],[3.963499,51.964686],[3.963545,51.964771],[3.96355,51.96478],[3.96389,51.965409],[3.964344,51.966164],[3.964821,51.966881],[3.965347,51.967613],[3.965378,51.967658],[3.965418,51.967716],[3.966059,51.968659],[3.966586,51.969255],[3.966684,51.969365],[3.967012,51.969813],[3.96729,51.970128],[3.967662,51.970526],[3.967695,51.970561],[3.967716,51.970584],[3.968038,51.970896],[3.968791,51.971624],[3.969472,51.972445],[3.969996,51.973093],[3.970358,51.97345],[3.970404,51.973495],[3.970469,51.973559],[3.970514,51.973604],[3.970533,51.973623],[3.97073,51.973773],[3.971064,51.974029],[3.971133,51.974094],[3.971819,51.974743],[3.972375,51.975266],[3.972722,51.975638],[3.973303,51.976283],[3.973369,51.976356],[3.97354,51.976547],[3.974349,51.977292],[3.974802,51.977663],[3.974884,51.97773],[3.975354,51.978021],[3.975892,51.97838],[3.976058,51.978476],[3.976266,51.978595],[3.976436,51.97869],[3.976517,51.978781],[3.976485,51.97885],[3.976478,51.978865],[3.97647,51.978943],[3.976476,51.978997],[3.976467,51.979033],[3.976472,51.979059],[3.976494,51.979167],[3.976498,51.979185],[3.976498,51.979186],[3.976523,51.979307],[3.976526,51.979317],[3.976537,51.979359],[3.976545,51.979388],[3.976546,51.979392],[3.976547,51.979396],[3.976553,51.979419],[3.976564,51.979459],[3.976577,51.979509],[3.97664,51.979671],[3.976675,51.97976],[3.976772,51.979948],[3.976789,51.979981],[3.976872,51.980116],[3.976875,51.980121],[3.976897,51.980157],[3.976912,51.980182],[3.977013,51.980303],[3.977089,51.980395],[3.977229,51.980533],[3.977266,51.98057],[3.977496,51.980782],[3.977628,51.980905],[3.977644,51.980919],[3.977874,51.981132],[3.97815,51.981387],[3.978214,51.981447],[3.979011,51.982184],[3.979371,51.982539],[3.979433,51.982591],[3.979461,51.982614],[3.979812,51.982904],[3.979834,51.98292],[3.98025,51.983228],[3.980749,51.983587],[3.981056,51.983772],[3.981364,51.983953],[3.981481,51.984021],[3.981564,51.984061],[3.981676,51.984116],[3.981716,51.984136],[3.981753,51.984155],[3.982226,51.984396],[3.982591,51.984567],[3.983033,51.984762],[3.983594,51.984971],[3.984075,51.985143],[3.984619,51.985307],[3.985182,51.985466],[3.98565,51.985581],[3.985696,51.985593],[3.986157,51.985706],[3.987533,51.986038],[3.9887,51.986313],[3.989334,51.986454],[3.989426,51.986475],[3.98969,51.986533],[3.990756,51.986778],[3.99177,51.986998],[3.992789,51.987206],[3.993325,51.987323],[3.99343,51.987346],[3.993956,51.987461],[3.994068,51.987484],[3.994068,51.987484],[3.994211,51.987513],[3.996216,51.987922],[3.996216,51.987922],[3.996216,51.987922],[3.996622,51.988003],[3.997225,51.988116],[3.997325,51.988135],[3.997592,51.988185],[3.99862,51.988382],[3.999385,51.988516],[4.000184,51.988652],[4.000959,51.988763],[4.001041,51.988772],[4.001154,51.988784],[4.002007,51.988876],[4.0029,51.988952],[4.002964,51.988955],[4.003601,51.988994],[4.004096,51.989007],[4.004095,51.989038],[4.00608,51.98902],[4.006146,51.98902],[4.006403,51.989002],[4.008464,51.988857],[4.009552,51.988687],[4.01009,51.988621],[4.010627,51.988556],[4.012002,51.988253],[4.013594,51.9879],[4.014578,51.987683],[4.017463,51.98701],[4.022645,51.985801],[4.02353,51.985645],[4.02353,51.985645],[4.02353,51.985645],[4.02353,51.985645],[4.023531,51.985645],[4.023531,51.985645],[4.023865,51.985768],[4.023865,51.985768],[4.023865,51.985768],[4.023865,51.985768],[4.023865,51.985768],[4.024257,51.9859],[4.024257,51.9859],[4.024257,51.9859],[4.024586,51.986008],[4.024597,51.986012],[4.024874,51.986103],[4.02509,51.986174],[4.025182,51.986205],[4.025182,51.986205],[4.025182,51.986205],[4.02522,51.986217],[4.025779,51.986397],[4.025779,51.986397],[4.025779,51.986397],[4.025779,51.986397],[4.025779,51.986397],[4.02595,51.986449],[4.026084,51.986489],[4.026141,51.986507],[4.026142,51.986507],[4.026142,51.986507],[4.026142,51.986507],[4.026143,51.986507],[4.026359,51.986577],[4.026503,51.986623],[4.026504,51.986623],[4.026504,51.986623],[4.026504,51.986623],[4.026504,51.986623],[4.026504,51.986623],[4.026517,51.986627],[4.026684,51.986674],[4.026699,51.986678],[4.026721,51.986684],[4.026724,51.986685],[4.026724,51.986685],[4.026725,51.986685],[4.026841,51.986715],[4.027066,51.986773],[4.027186,51.986804],[4.02734,51.986844],[4.027364,51.98685],[4.027364,51.98685],[4.027365,51.98685],[4.027365,51.986851],[4.027533,51.98689],[4.027695,51.986927],[4.027696,51.986928],[4.027696,51.986928],[4.027696,51.986928],[4.027696,51.986928],[4.027789,51.986946],[4.027808,51.98695],[4.027959,51.98698],[4.028118,51.987011],[4.028141,51.987016],[4.028161,51.98702],[4.028524,51.987092],[4.028524,51.987092],[4.028524,51.987092],[4.028524,51.987092],[4.028524,51.987092],[4.028932,51.987168],[4.028938,51.987169],[4.028941,51.987169],[4.028942,51.987169],[4.028942,51.987169],[4.028942,51.987169],[4.028942,51.987169],[4.028942,51.987169],[4.029173,51.987204],[4.029173,51.987204],[4.029173,51.987204],[4.029173,51.987204],[4.029175,51.987204],[4.029744,51.987276],[4.029744,51.987276],[4.029744,51.987276],[4.029745,51.987276],[4.029745,51.987276],[4.029745,51.987276],[4.030104,51.987306],[4.030104,51.987306],[4.030104,51.987306],[4.030105,51.987306],[4.030572,51.987352],[4.030573,51.987352],[4.030573,51.987352],[4.030573,51.987352],[4.030573,51.987352],[4.030955,51.987382],[4.030955,51.987382],[4.030955,51.987382],[4.031514,51.987433],[4.031514,51.987433],[4.031514,51.987433],[4.031515,51.987433],[4.031515,51.987433],[4.032096,51.987474],[4.032096,51.987474],[4.032096,51.987474],[4.032097,51.987474],[4.032097,51.987474],[4.032097,51.987474],[4.032097,51.987474],[4.032099,51.987475],[4.032131,51.987476],[4.032378,51.987487],[4.032378,51.987487],[4.032378,51.987487],[4.032628,51.987494],[4.032665,51.987495],[4.032703,51.987496],[4.032725,51.987497],[4.032727,51.987497],[4.032728,51.987497],[4.032729,51.987497],[4.032729,51.987497],[4.032729,51.987497],[4.032729,51.987497],[4.032753,51.987497],[4.033031,51.987492],[4.033043,51.987492],[4.033043,51.987492],[4.033043,51.987492],[4.033443,51.987482],[4.033491,51.987481],[4.033498,51.987481],[4.033499,51.987481],[4.033503,51.987481],[4.033503,51.987481],[4.033503,51.987481],[4.033571,51.987478],[4.033732,51.987472],[4.033816,51.987469],[4.033938,51.987464],[4.034011,51.987461],[4.034105,51.987458],[4.034106,51.987458],[4.034107,51.987458],[4.034107,51.987458],[4.034122,51.987457],[4.034286,51.987449],[4.034363,51.987445],[4.034406,51.987443],[4.034406,51.987443],[4.034406,51.987443],[4.034477,51.987438],[4.034639,51.987428],[4.034663,51.987426],[4.034689,51.987425],[4.034689,51.987425],[4.034697,51.987424],[4.034715,51.987423],[4.034715,51.987423],[4.034715,51.987423],[4.034716,51.987423],[4.034716,51.987423],[4.034716,51.987423],[4.034716,51.987423],[4.034767,51.987417],[4.034788,51.987415],[4.034852,51.987408],[4.034852,51.987408],[4.034852,51.987408],[4.034872,51.987406],[4.034888,51.987404],[4.034915,51.987401],[4.035076,51.987385],[4.035296,51.987362],[4.035365,51.987355],[4.035365,51.987355],[4.035365,51.987355],[4.035366,51.987355],[4.035424,51.987348],[4.035482,51.98734],[4.035485,51.98734],[4.035485,51.98734],[4.03555,51.987332],[4.035578,51.987328],[4.035579,51.987328],[4.035579,51.987328],[4.035579,51.987328],[4.035579,51.987328],[4.035584,51.987328],[4.035695,51.987318],[4.035718,51.987316],[4.035734,51.987315],[4.035737,51.987315],[4.035737,51.987315],[4.035737,51.987315],[4.035737,51.987315],[4.035737,51.987315],[4.035737,51.987315],[4.035738,51.987315],[4.035738,51.987315],[4.03596,51.987282],[4.036281,51.987235],[4.036281,51.987235],[4.036281,51.987235],[4.036281,51.987235],[4.036281,51.987235],[4.036282,51.987235],[4.036655,51.987168],[4.036656,51.987167],[4.036656,51.987167],[4.036657,51.987167],[4.036657,51.987167],[4.037069,51.987078],[4.037069,51.987078],[4.037069,51.987078],[4.03707,51.987078],[4.03707,51.987078],[4.037507,51.986993],[4.037507,51.986993],[4.037507,51.986993],[4.037507,51.986993],[4.037507,51.986993],[4.037507,51.986993],[4.037507,51.986993],[4.03755,51.986984],[4.037947,51.986894],[4.037962,51.986891],[4.037962,51.986891],[4.037963,51.986891],[4.037963,51.986891],[4.037963,51.986891],[4.038002,51.986881],[4.038113,51.986854],[4.038273,51.986814],[4.03848,51.986762],[4.038481,51.986762],[4.038692,51.986712],[4.038704,51.986709],[4.038904,51.986661],[4.038904,51.986661],[4.038904,51.986661],[4.038904,51.986661],[4.039609,51.986478],[4.040396,51.986273],[4.04054,51.986236],[4.041042,51.986105],[4.041042,51.986105],[4.041042,51.986105],[4.041228,51.986059],[4.041228,51.986059],[4.041228,51.986059],[4.041228,51.986059],[4.041379,51.986024],[4.041379,51.986024],[4.04138,51.986024],[4.04138,51.986024],[4.04138,51.986024],[4.04138,51.986024],[4.04138,51.986024],[4.041381,51.986024],[4.041396,51.986021],[4.041484,51.986007],[4.041484,51.986007],[4.041494,51.986006],[4.041494,51.986006],[4.041494,51.986005],[4.041494,51.986005],[4.041494,51.986005],[4.041495,51.986005],[4.041495,51.986005],[4.041541,51.986],[4.041587,51.985996],[4.041596,51.985995],[4.041596,51.985995],[4.041597,51.985995],[4.041598,51.985995],[4.041598,51.985994],[4.041598,51.985994],[4.041598,51.985994],[4.041598,51.985994],[4.041599,51.985994],[4.0416,51.985994],[4.0416,51.985994],[4.0416,51.985994],[4.041602,51.985993],[4.041685,51.985971],[4.041686,51.985971],[4.041692,51.985969],[4.041695,51.985968],[4.041702,51.985973],[4.041703,51.985974],[4.041704,51.985974],[4.041867,51.986093],[4.04189,51.98611],[4.04189,51.98611],[4.041891,51.986111],[4.041891,51.986111],[4.041891,51.986111],[4.041892,51.986112],[4.041892,51.986113],[4.042056,51.986368],[4.042262,51.986692],[4.042777,51.987497],[4.043383,51.988445],[4.044295,51.989872],[4.044296,51.989874],[4.044648,51.990425],[4.045602,51.991918],[4.045929,51.99243],[4.046302,51.993013],[4.046481,51.993294],[4.046944,51.994017],[4.047034,51.994158],[4.047143,51.994328],[4.047144,51.99433],[4.047144,51.99433],[4.047148,51.994337],[4.047147,51.994337],[4.047146,51.994338],[4.047142,51.994339],[4.047139,51.994341],[4.047079,51.994368],[4.047078,51.994368],[4.047078,51.994368],[4.047076,51.994369],[4.047075,51.99437],[4.047075,51.99437],[4.047074,51.994371],[4.047073,51.994372],[4.047064,51.99438],[4.047064,51.994381],[4.047052,51.994393],[4.047052,51.994393],[4.047051,51.994394],[4.04705,51.994395],[4.04705,51.994395],[4.04705,51.994395],[4.047049,51.994397],[4.047049,51.994397],[4.047017,51.994492],[4.046987,51.994579],[4.046987,51.994579],[4.046987,51.994579],[4.046987,51.994579],[4.046987,51.99458],[4.046986,51.994582],[4.046986,51.994582],[4.046986,51.994582],[4.046987,51.994585],[4.046988,51.994585],[4.047001,51.99462],[4.047003,51.994624],[4.047003,51.994624],[4.047003,51.994625],[4.047003,51.994625],[4.047004,51.994625],[4.047004,51.994625],[4.047004,51.994626],[4.047005,51.994626],[4.047005,51.994626],[4.04702,51.994643],[4.047045,51.994671],[4.047045,51.994671],[4.047046,51.994673],[4.047047,51.994673],[4.047047,51.994673],[4.047049,51.994674],[4.047049,51.994674],[4.047071,51.994687],[4.047106,51.994707],[4.047118,51.994714],[4.047118,51.994714],[4.047119,51.994715],[4.047119,51.994715],[4.04712,51.994715],[4.04712,51.994715],[4.047121,51.994716],[4.047121,51.994716],[4.047209,51.994747],[4.047209,51.994747],[4.047212,51.994748],[4.047212,51.994748],[4.047213,51.994748],[4.047214,51.994748],[4.047216,51.994748],[4.047216,51.994748],[4.047217,51.994748],[4.047246,51.994751],[4.047276,51.994753],[4.047276,51.994753],[4.047276,51.994753],[4.047276,51.994753],[4.047277,51.994753],[4.047277,51.994753],[4.04734,51.994753],[4.047341,51.994753],[4.047341,51.994753],[4.047341,51.994753],[4.047342,51.994753],[4.047421,51.994748],[4.047421,51.994748],[4.047425,51.994747],[4.047425,51.994747],[4.047425,51.994747],[4.047428,51.994746],[4.047428,51.994746],[4.047429,51.994746],[4.047429,51.994746],[4.047518,51.994715],[4.047523,51.994713],[4.047524,51.994713],[4.047524,51.994712],[4.047525,51.994712],[4.047525,51.994712],[4.047525,51.994712],[4.047526,51.994711],[4.047527,51.994711],[4.047527,51.994711],[4.047531,51.994708],[4.047596,51.994669],[4.047596,51.994668],[4.047596,51.994668],[4.047598,51.994667],[4.047598,51.994667],[4.047598,51.994667],[4.047598,51.994667],[4.047599,51.994665],[4.0476,51.994665],[4.047645,51.994603],[4.047656,51.994588],[4.047666,51.994575],[4.047666,51.994575],[4.047666,51.994575],[4.047675,51.994562],[4.047698,51.994527],[4.047699,51.994527],[4.047699,51.994527],[4.047699,51.994527],[4.047699,51.994527],[4.047699,51.994527],[4.047699,51.994527],[4.04773,51.994489],[4.047761,51.994451],[4.047772,51.994437],[4.047775,51.994434],[4.047775,51.994434],[4.047776,51.994433],[4.047776,51.994433],[4.047776,51.994433],[4.047776,51.994433],[4.047776,51.994433],[4.047776,51.994433],[4.047854,51.99436],[4.047854,51.99436],[4.047854,51.99436],[4.047854,51.994359],[4.047854,51.994359],[4.047855,51.994359],[4.047856,51.994359],[4.047926,51.994315],[4.047926,51.994315],[4.047927,51.994314],[4.047928,51.994314],[4.047928,51.994314],[4.047929,51.994314],[4.047984,51.994295],[4.048024,51.994281],[4.048024,51.994281],[4.048025,51.99428],[4.048025,51.99428],[4.048025,51.99428],[4.048026,51.99428],[4.048026,51.99428],[4.048164,51.99425],[4.048177,51.994247],[4.048177,51.994247],[4.048177,51.994247],[4.048497,51.994183],[4.048498,51.994183],[4.048498,51.994183],[4.049694,51.993924],[4.049694,51.993924],[4.049694,51.993924],[4.049694,51.993924],[4.049695,51.993924],[4.049695,51.993924],[4.049838,51.993901],[4.049838,51.993901],[4.049838,51.993901],[4.049839,51.993901],[4.049839,51.993901],[4.049839,51.993901],[4.049839,51.993901],[4.050158,51.993829],[4.050257,51.993807],[4.050257,51.993807],[4.050946,51.993657],[4.050946,51.993657],[4.050946,51.993657],[4.051289,51.993585],[4.053016,51.993222],[4.053016,51.993222],[4.053822,51.993049],[4.053822,51.993049],[4.053822,51.993049],[4.054062,51.993],[4.05463,51.992886],[4.05463,51.992886],[4.055384,51.992728],[4.055384,51.992727],[4.055384,51.992727],[4.05614,51.992578],[4.05614,51.992578],[4.05614,51.992578],[4.056772,51.992446],[4.056884,51.992422],[4.056884,51.992422],[4.057752,51.99225],[4.057752,51.99225],[4.058612,51.99207],[4.058612,51.992069],[4.058612,51.992069],[4.058612,51.992069],[4.058613,51.992069],[4.058773,51.992042],[4.058774,51.992042],[4.058774,51.992042],[4.058774,51.992042],[4.058774,51.992042],[4.058774,51.992042],[4.059465,51.991895],[4.059465,51.991895],[4.059465,51.991895],[4.059465,51.991895],[4.059466,51.991895],[4.059664,51.991857],[4.060358,51.991723],[4.060358,51.991723],[4.060358,51.991723],[4.061081,51.991575],[4.061291,51.991533],[4.061337,51.991523],[4.061656,51.991459],[4.061656,51.991459],[4.061656,51.991459],[4.061773,51.991437],[4.061773,51.991437],[4.061773,51.991437],[4.061773,51.991437],[4.061773,51.991437],[4.063044,51.991168],[4.063044,51.991168],[4.063249,51.991125],[4.064633,51.990841],[4.064633,51.990841],[4.064633,51.990841],[4.064633,51.990841],[4.064634,51.990841],[4.064634,51.990841],[4.064757,51.990821],[4.064757,51.990821],[4.064757,51.990821],[4.064758,51.990821],[4.064758,51.990821],[4.064758,51.99082],[4.065497,51.990663],[4.065587,51.990643],[4.065588,51.990643],[4.065588,51.990643],[4.066242,51.990512],[4.066243,51.990512],[4.066243,51.990512],[4.067621,51.990221],[4.067791,51.990185],[4.068466,51.990045],[4.068466,51.990045],[4.068466,51.990045],[4.068466,51.990045],[4.069083,51.989909],[4.069083,51.989909],[4.069083,51.989909],[4.069084,51.989909],[4.069084,51.989909],[4.069212,51.989888],[4.069212,51.989888],[4.069212,51.989888],[4.069213,51.989888],[4.069213,51.989887],[4.069371,51.989856],[4.069372,51.989856],[4.069372,51.989856],[4.069372,51.989856],[4.069372,51.989856],[4.070563,51.989589],[4.070563,51.989589],[4.070564,51.989589],[4.070564,51.989589],[4.070564,51.989589],[4.070685,51.989568],[4.070685,51.989567],[4.070685,51.989567],[4.070685,51.989567],[4.070685,51.989567],[4.070686,51.989567],[4.072074,51.989274],[4.073077,51.989063],[4.073263,51.989024],[4.073306,51.989015],[4.073769,51.988918],[4.083348,51.98691],[4.083348,51.98691],[4.083348,51.98691],[4.08368,51.986835],[4.083681,51.986835],[4.083681,51.986835],[4.083681,51.986835],[4.083682,51.986835],[4.083751,51.986824],[4.083762,51.986822],[4.083762,51.986822],[4.083767,51.986821],[4.083767,51.986821],[4.083767,51.986821],[4.083767,51.986821],[4.083771,51.986822],[4.083814,51.986833],[4.083857,51.986845],[4.083857,51.986845],[4.083857,51.986845],[4.083861,51.986846],[4.083861,51.986846],[4.083862,51.986846],[4.083864,51.986848],[4.083866,51.986851],[4.083885,51.986871],[4.083888,51.986875],[4.083888,51.986875],[4.083888,51.986875],[4.08389,51.986877],[4.08389,51.986877],[4.08389,51.986877],[4.08389,51.986877],[4.08389,51.986877],[4.083894,51.986879],[4.083894,51.986879],[4.083942,51.9869],[4.083945,51.986901],[4.083946,51.986901],[4.08395,51.986903],[4.083951,51.986904],[4.083951,51.986904],[4.083951,51.986904],[4.083951,51.986904],[4.083958,51.986903],[4.083958,51.986903],[4.08396,51.986903],[4.083962,51.986903],[4.084039,51.986897],[4.08404,51.986897],[4.084041,51.986897],[4.084041,51.986897],[4.084041,51.986897],[4.084041,51.986897],[4.084042,51.986897],[4.084043,51.986897],[4.084043,51.986897],[4.084044,51.986897],[4.084228,51.986859],[4.084228,51.986859],[4.084228,51.986859],[4.084412,51.986825],[4.08442,51.986823],[4.084421,51.986823],[4.084421,51.986823],[4.085603,51.986574],[4.085603,51.986574],[4.085603,51.986573],[4.085604,51.986573],[4.085604,51.986573],[4.085814,51.986538],[4.085815,51.986538],[4.085815,51.986538],[4.085815,51.986538],[4.085815,51.986538],[4.085815,51.986538],[4.085815,51.986538],[4.086988,51.9863],[4.086988,51.9863],[4.086988,51.9863],[4.086988,51.9863],[4.086988,51.9863],[4.087342,51.986237],[4.087342,51.986237],[4.087342,51.986237],[4.087342,51.986237],[4.087343,51.986237],[4.087343,51.986237],[4.087468,51.986212],[4.08794,51.986115],[4.08794,51.986115],[4.08794,51.986115],[4.088577,51.985979],[4.088578,51.985979],[4.088578,51.985979],[4.088578,51.985979],[4.088578,51.985979],[4.088804,51.985941],[4.088805,51.985941],[4.088805,51.985941],[4.088805,51.985941],[4.088805,51.985941],[4.088805,51.985941],[4.088805,51.985941],[4.088805,51.985941],[4.089247,51.985848],[4.089247,51.985848],[4.090123,51.985659],[4.090123,51.985659],[4.090152,51.985652],[4.090152,51.985652],[4.090152,51.985652],[4.090152,51.985652],[4.090153,51.985652],[4.090153,51.985652],[4.090153,51.985652],[4.090153,51.985652],[4.090153,51.985652],[4.090156,51.985652],[4.090282,51.985633],[4.090282,51.985633],[4.090283,51.985633],[4.090283,51.985633],[4.090283,51.985633],[4.090283,51.985633],[4.090284,51.985633],[4.090284,51.985633],[4.090284,51.985633],[4.091052,51.985464],[4.091052,51.985464],[4.091615,51.985345],[4.091615,51.985345],[4.091616,51.985345],[4.091616,51.985345],[4.091723,51.985324],[4.091758,51.985318],[4.091758,51.985318],[4.091758,51.985318],[4.091758,51.985318],[4.091759,51.985318],[4.091759,51.985317],[4.092053,51.985254],[4.092235,51.985215],[4.092235,51.985215],[4.092494,51.985158],[4.092653,51.985123],[4.092665,51.98512],[4.092884,51.985072],[4.093123,51.98502],[4.093123,51.98502],[4.093124,51.98502],[4.093124,51.98502],[4.093124,51.98502],[4.093124,51.98502],[4.093133,51.985018],[4.093139,51.985017],[4.093336,51.98498],[4.093336,51.98498],[4.093336,51.98498],[4.093337,51.98498],[4.093337,51.98498],[4.093337,51.984979],[4.093337,51.984979],[4.093404,51.984964],[4.09344,51.984956],[4.09405,51.984818],[4.094186,51.984787],[4.094187,51.984787],[4.094591,51.984693],[4.094591,51.984693],[4.094592,51.984692],[4.094592,51.984692],[4.094592,51.984692],[4.094626,51.984686],[4.094749,51.984663],[4.094756,51.984662],[4.094756,51.984662],[4.094756,51.984662],[4.094757,51.984662],[4.094757,51.984662],[4.094806,51.98465],[4.094807,51.98465],[4.095019,51.9846],[4.095211,51.984555],[4.095211,51.984555],[4.095275,51.98454],[4.09604,51.984365],[4.096042,51.984365],[4.096042,51.984365],[4.096043,51.984365],[4.096045,51.984364],[4.096131,51.984354],[4.096132,51.984354],[4.096132,51.984354],[4.096132,51.984354],[4.096132,51.984354],[4.096133,51.984354],[4.096133,51.984354],[4.096134,51.984354],[4.096134,51.984354],[4.09642,51.984286],[4.09645,51.984409],[4.096483,51.984605],[4.096632,51.984783],[4.097017,51.985048],[4.097807,51.985452],[4.098459,51.985801],[4.09949,51.986379],[4.10037,51.986869],[4.101668,51.987535],[4.102612,51.988019],[4.10297,51.988203],[4.103012,51.988225],[4.105298,51.989382],[4.1062,51.989843],[4.106421,51.989956],[4.106771,51.990135],[4.108547,51.991101],[4.110139,51.992003],[4.111299,51.992686],[4.112791,51.993592],[4.114063,51.994396],[4.114453,51.994642],[4.114736,51.994821],[4.116054,51.995649],[4.116999,51.996282],[4.118132,51.997094],[4.119434,51.997926],[4.120746,51.998677],[4.122331,51.999565],[4.123602,52.000402],[4.124454,52.001002],[4.124588,52.001096],[4.124925,52.001334],[4.125303,52.001641],[4.126003,52.001339],[4.126133,52.001284],[4.128417,52.000301],[4.128458,52.000283],[4.128723,52.00017],[4.130665,51.999337],[4.130666,51.999337],[4.130882,51.999244],[4.131089,51.999155],[4.132517,51.998543],[4.132518,51.998543],[4.130987,51.997179],[4.131027,51.997132],[4.131163,51.996966],[4.131387,51.996693],[4.131854,51.996114],[4.131883,51.996078],[4.132255,51.995617],[4.132322,51.995535],[4.132341,51.99551],[4.132344,51.995506],[4.132363,51.99546],[4.132375,51.995439],[4.13239,51.995422],[4.132445,51.995376],[4.132825,51.995052],[4.132958,51.994939],[4.132988,51.994913],[4.133003,51.9949],[4.133303,51.994637],[4.133611,51.994366],[4.13387,51.994138],[4.133912,51.994103],[4.133994,51.994034],[4.134022,51.99401],[4.134064,51.993974],[4.134332,51.993745],[4.134429,51.993661],[4.134437,51.993655],[4.134717,51.993412],[4.134802,51.99334],[4.134808,51.993335],[4.13512,51.993071],[4.135292,51.992931],[4.135396,51.992841],[4.135524,51.992736],[4.135554,51.992713],[4.135567,51.992703],[4.135597,51.992685],[4.135641,51.992661],[4.135688,51.992636],[4.135727,51.992618],[4.135857,51.992559],[4.135913,51.992537],[4.136006,51.992503],[4.136171,51.992448],[4.136229,51.992429],[4.136624,51.992302],[4.137031,51.992172],[4.13739,51.992055],[4.137889,51.991892],[4.137896,51.99189],[4.138611,51.991648],[4.138613,51.991647],[4.138621,51.991645],[4.139743,51.991293],[4.141388,51.990757],[4.142393,51.990425],[4.142397,51.990424],[4.143257,51.990144],[4.143293,51.990132],[4.143489,51.990066],[4.143857,51.989943],[4.144356,51.989776],[4.144499,51.989731],[4.144941,51.989582],[4.145415,51.98943],[4.145929,51.989265],[4.146262,51.989157],[4.14685,51.988968],[4.14693,51.988942],[4.147286,51.988825],[4.147356,51.988805],[4.148185,51.988534],[4.148188,51.988533],[4.148226,51.98852],[4.149454,51.988126],[4.150066,51.987926],[4.150607,51.987755],[4.150972,51.987636],[4.150958,51.987618],[4.149978,51.986395],[4.148969,51.985101],[4.148994,51.985094],[4.149005,51.985091],[4.149077,51.98507],[4.149207,51.985031],[4.149224,51.985026],[4.14923,51.985024],[4.149286,51.985008],[4.149287,51.985008],[4.149955,51.984811],[4.149307,51.983984],[4.148972,51.983552],[4.148952,51.983526],[4.148952,51.983526],[4.148771,51.983294],[4.148729,51.98324],[4.148677,51.983173],[4.148673,51.983169],[4.148302,51.982686],[4.147364,51.981498],[4.147281,51.981393],[4.147313,51.981384],[4.147411,51.981356],[4.147413,51.981355],[4.148467,51.981054],[4.150751,51.980463],[4.151245,51.980335],[4.152496,51.980011],[4.152683,51.979973],[4.152689,51.979972],[4.154041,51.979711],[4.154143,51.979696],[4.154205,51.979695],[4.154357,51.979693],[4.154889,51.979695],[4.154926,51.979696],[4.155309,51.979706],[4.155349,51.979707],[4.155301,51.97938],[4.155263,51.979135],[4.155063,51.977838],[4.15931,51.976778],[4.15964,51.976744],[4.163564,51.975646],[4.16371,51.975604],[4.165712,51.975003],[4.16595,51.975003],[4.169605,51.973973],[4.170253,51.973761],[4.170336,51.973667],[4.170905,51.973477],[4.172167,51.973055],[4.172239,51.972958],[4.172654,51.972808],[4.172805,51.972753],[4.17303,51.972686],[4.1751,51.971988],[4.175898,51.971694],[4.177072,51.971223],[4.177821,51.970892],[4.178805,51.970495],[4.179242,51.970319],[4.179839,51.970094],[4.179856,51.970088],[4.179951,51.970056],[4.179972,51.970049],[4.180029,51.970034],[4.180094,51.970008],[4.181133,51.969581],[4.181212,51.969549],[4.181761,51.969301],[4.182063,51.969169],[4.182661,51.968907],[4.182953,51.96878],[4.183892,51.968369],[4.184807,51.96798],[4.185143,51.967838],[4.187493,51.966837],[4.187475,51.966818],[4.18658,51.965869],[4.187164,51.965658],[4.187909,51.965395],[4.187918,51.965392],[4.187928,51.965389],[4.187937,51.965387],[4.187948,51.965386],[4.187958,51.965385],[4.187968,51.965385],[4.187979,51.965385],[4.187989,51.965386],[4.187999,51.965388],[4.188009,51.96539],[4.188018,51.965393],[4.188027,51.965397],[4.188035,51.965401],[4.188043,51.965405],[4.18805,51.96541],[4.18807,51.965429],[4.188204,51.965368],[4.188294,51.965326],[4.188337,51.965307],[4.188529,51.965218],[4.188651,51.965304],[4.188693,51.965334],[4.18874,51.965361],[4.188851,51.965417],[4.188885,51.965431],[4.188913,51.96544],[4.189123,51.965505],[4.190511,51.966009],[4.190558,51.965962],[4.190609,51.965982],[4.190649,51.965943],[4.190742,51.965856],[4.19075,51.965848],[4.1909,51.965706],[4.190915,51.965712],[4.191033,51.9656],[4.19111,51.965527],[4.191196,51.965445],[4.190465,51.96517],[4.189369,51.964758],[4.188758,51.964289],[4.188383,51.964001],[4.18732,51.963186],[4.187264,51.963142],[4.186754,51.962751],[4.186747,51.962744],[4.186741,51.962736],[4.186735,51.962728],[4.186731,51.962719],[4.186727,51.962711],[4.186725,51.962702],[4.186723,51.962693],[4.186723,51.962685],[4.186724,51.962676],[4.186726,51.962667],[4.186729,51.962659],[4.186733,51.96265],[4.186738,51.962642],[4.186744,51.962634],[4.186751,51.962626],[4.187093,51.962144],[4.187369,51.961754],[4.187783,51.961171],[4.188192,51.960594],[4.188927,51.959556],[4.189938,51.958127],[4.190122,51.957866],[4.191311,51.956172],[4.191368,51.956092],[4.19177,51.955532],[4.192046,51.955213],[4.192396,51.954806],[4.194417,51.95376],[4.196172,51.952854],[4.196813,51.952523],[4.197789,51.952019],[4.197845,51.951991],[4.197841,51.951986],[4.198442,51.95168],[4.199265,51.951261],[4.20065,51.950541],[4.200765,51.95048],[4.201023,51.950346],[4.201301,51.950201],[4.201401,51.950149],[4.20139,51.950114],[4.201364,51.950083],[4.201394,51.950067],[4.201452,51.950092],[4.20153,51.950079],[4.204706,51.948435],[4.205021,51.948272],[4.206924,51.947286],[4.207482,51.946998],[4.210267,51.945549],[4.211806,51.944754],[4.213479,51.94389],[4.21556,51.94281],[4.216916,51.942106],[4.217573,51.941766],[4.217824,51.941637],[4.219232,51.941552],[4.219688,51.941525],[4.219529,51.9414],[4.219453,51.941404],[4.219311,51.941242],[4.217468,51.939141],[4.215925,51.937383],[4.215674,51.937097],[4.215656,51.937077],[4.215598,51.93701],[4.215472,51.936867],[4.215433,51.936822],[4.215417,51.936804],[4.215344,51.936718],[4.215304,51.936596],[4.215179,51.936483],[4.215143,51.936497],[4.214795,51.9361],[4.21464,51.935923],[4.212718,51.933727],[4.213085,51.933596],[4.214103,51.933204],[4.215301,51.932705],[4.215962,51.932409],[4.21647,51.932178],[4.216864,51.931983],[4.217556,51.93165],[4.218752,51.931083],[4.219869,51.930502],[4.219932,51.930468],[4.220952,51.929918],[4.221958,51.929341],[4.222905,51.928764],[4.223056,51.928672],[4.223702,51.928247],[4.224041,51.928019],[4.224574,51.927647],[4.225007,51.927345],[4.225907,51.926653],[4.226758,51.925915],[4.22757,51.925165],[4.228298,51.924403],[4.229063,51.923639],[4.22939,51.923306],[4.229805,51.922882],[4.230626,51.922122],[4.232167,51.920709],[4.232237,51.920645],[4.23307,51.919899],[4.23393,51.919178],[4.234792,51.918462],[4.23574,51.917781],[4.235909,51.917671],[4.236311,51.917406],[4.236465,51.917303],[4.236688,51.917155],[4.236758,51.91711],[4.236943,51.917],[4.237586,51.916613],[4.237818,51.916476],[4.238343,51.916193],[4.238864,51.915909],[4.239327,51.915691],[4.239844,51.915451],[4.240056,51.915351],[4.24112,51.914871],[4.242407,51.914341],[4.24365,51.913908],[4.244041,51.913789],[4.244198,51.913743],[4.244228,51.913734],[4.244534,51.913641],[4.245008,51.913496],[4.246306,51.913128],[4.247662,51.912751],[4.248938,51.912364],[4.250262,51.911951],[4.250855,51.911764],[4.251573,51.911531],[4.252844,51.9111],[4.253634,51.910815],[4.253977,51.910688],[4.254971,51.910338],[4.255309,51.910216],[4.255429,51.910171],[4.255743,51.910051],[4.256798,51.909643],[4.257812,51.909246],[4.259018,51.908761],[4.260301,51.908255],[4.262924,51.907205],[4.263754,51.906866],[4.26518,51.906291],[4.266183,51.905904],[4.266183,51.905904],[4.267571,51.905335],[4.268423,51.904999],[4.269533,51.904558],[4.270398,51.90421],[4.271203,51.903883],[4.271616,51.903714],[4.272614,51.903322],[4.273608,51.902951],[4.27435,51.902669],[4.274966,51.90244],[4.275967,51.902092],[4.277107,51.901697],[4.278134,51.901351],[4.279292,51.90097],[4.280593,51.900555],[4.281886,51.900152],[4.28294,51.899849],[4.283863,51.899593],[4.284781,51.899342],[4.285587,51.89913],[4.286534,51.898896],[4.287255,51.898724],[4.287939,51.898561],[4.288689,51.898407],[4.288853,51.898373],[4.289385,51.898263],[4.289827,51.898174],[4.290492,51.898043],[4.291465,51.897849],[4.292092,51.897727],[4.292589,51.897643],[4.293435,51.897502],[4.294432,51.897345],[4.294615,51.897317],[4.295562,51.897172],[4.296373,51.897053],[4.296994,51.896962],[4.298406,51.896767],[4.299844,51.896584],[4.301042,51.896441],[4.302004,51.896331],[4.303017,51.896222],[4.304168,51.896092],[4.305462,51.89594],[4.306468,51.895832],[4.307491,51.895746],[4.308196,51.895691],[4.313291,51.895211],[4.317924,51.894743],[4.319424,51.894592],[4.319448,51.894589],[4.319597,51.894575],[4.320851,51.894452],[4.32225,51.894276],[4.32372,51.894172],[4.32516,51.894104],[4.326614,51.894063],[4.327995,51.89404],[4.329509,51.894063],[4.330957,51.894103],[4.332408,51.894178],[4.333844,51.894281],[4.335279,51.894429],[4.336684,51.894603],[4.336754,51.894613],[4.338089,51.894805],[4.338885,51.894938],[4.339739,51.895084],[4.341071,51.895342],[4.341114,51.89535],[4.342595,51.895669],[4.343314,51.895837],[4.343478,51.895875],[4.344123,51.896038],[4.344998,51.896266],[4.346379,51.896657],[4.347591,51.897023],[4.348676,51.897352],[4.348848,51.897405],[4.349798,51.89767],[4.349998,51.897726],[4.35019,51.897777],[4.350383,51.897827],[4.350576,51.897876],[4.35077,51.897925],[4.350964,51.897973],[4.351158,51.89802],[4.351353,51.898067],[4.351548,51.898113],[4.351744,51.898159],[4.35194,51.898203],[4.352136,51.898247],[4.352333,51.898291],[4.35253,51.898333],[4.352728,51.898375],[4.352926,51.898417],[4.353124,51.898457],[4.353323,51.898497],[4.353522,51.898537],[4.353721,51.898575],[4.353921,51.898613],[4.354121,51.898651],[4.354321,51.898687],[4.354522,51.898723],[4.354723,51.898759],[4.354924,51.898793],[4.355126,51.898827],[4.355328,51.89886],[4.35553,51.898893],[4.355733,51.898925],[4.355935,51.898956],[4.356139,51.898986],[4.356342,51.899016],[4.356545,51.899045],[4.356749,51.899074],[4.356953,51.899101],[4.357158,51.899128],[4.357362,51.899154],[4.357566,51.89918],[4.357771,51.899205],[4.357976,51.899229],[4.358181,51.899252],[4.358386,51.899275],[4.358592,51.899297],[4.358797,51.899318],[4.359003,51.899339],[4.359209,51.899359],[4.359415,51.899378],[4.359621,51.899396],[4.359828,51.899414],[4.360035,51.899431],[4.360241,51.899448],[4.360448,51.899464],[4.360656,51.899479],[4.360863,51.899493],[4.36107,51.899507],[4.361278,51.899519],[4.361485,51.899532],[4.361693,51.899543],[4.361901,51.899554],[4.362108,51.899564],[4.362316,51.899573],[4.362524,51.899582],[4.362732,51.89959],[4.362941,51.899597],[4.363149,51.899604],[4.363357,51.89961],[4.363566,51.899615],[4.363774,51.89962],[4.363982,51.899623],[4.364191,51.899626],[4.364399,51.899629],[4.364608,51.89963],[4.364816,51.899631],[4.365025,51.899632],[4.365233,51.899631],[4.365442,51.89963],[4.36565,51.899628],[4.366539,51.89961],[4.367197,51.899586],[4.367495,51.899574],[4.367929,51.899555],[4.368885,51.899498],[4.369568,51.899432],[4.370338,51.899376],[4.370623,51.899356],[4.370681,51.899351],[4.37103,51.899314],[4.371077,51.899309],[4.372137,51.899188],[4.372223,51.899179],[4.372316,51.899168],[4.37239,51.899158],[4.373123,51.899054],[4.373795,51.898956],[4.375092,51.898746],[4.377838,51.898302],[4.379005,51.898113],[4.380173,51.897925],[4.382036,51.897626],[4.384823,51.897179],[4.387617,51.896846],[4.388344,51.896779],[4.388511,51.896768],[4.389144,51.896733],[4.389757,51.896706],[4.390387,51.896689],[4.391013,51.896679],[4.391574,51.896681],[4.391978,51.896687],[4.39342,51.896736],[4.394992,51.896849],[4.395758,51.896926],[4.396385,51.896994],[4.397011,51.897078],[4.3976,51.897166],[4.398126,51.897251],[4.398632,51.897342],[4.399034,51.897417],[4.402138,51.898156],[4.407958,51.899463],[4.408017,51.899476],[4.409713,51.899858],[4.409757,51.899868],[4.41084,51.900112],[4.413679,51.900748],[4.41371,51.900755],[4.412338,51.902421],[4.415677,51.905025],[4.415395,51.90528],[4.415345,51.905345],[4.41406,51.90649],[4.413619,51.906882],[4.413617,51.906885],[4.413298,51.907284],[4.413315,51.907313],[4.413331,51.907341],[4.413347,51.90737],[4.413361,51.907399],[4.413374,51.907428],[4.413387,51.907457],[4.413398,51.907486],[4.413408,51.907516],[4.413417,51.907545],[4.413436,51.907621],[4.413446,51.907679],[4.412744,51.908544],[4.412743,51.908545],[4.411346,51.910273],[4.410161,51.909903],[4.410118,51.90989],[4.410074,51.909876],[4.409999,51.909852],[4.409543,51.910413],[4.409075,51.91205],[4.409159,51.912081],[4.411829,51.913066],[4.41201,51.913133],[4.412026,51.913138],[4.412045,51.913145],[4.412063,51.913152],[4.412082,51.913159],[4.412101,51.913168],[4.412118,51.913177],[4.412137,51.913187],[4.412154,51.913197],[4.412167,51.913206],[4.412178,51.913214],[4.412189,51.913222],[4.4122,51.91323],[4.41221,51.913239],[4.412219,51.913248],[4.412229,51.913256],[4.412244,51.913268],[4.412253,51.913274],[4.412257,51.913276],[4.412265,51.91328],[4.412277,51.913285],[4.412288,51.913289],[4.412301,51.913292],[4.412314,51.913295],[4.412329,51.913297],[4.412342,51.913298],[4.412356,51.913298],[4.412369,51.913298],[4.412381,51.913297],[4.412392,51.913295],[4.412434,51.913382],[4.41245,51.913415],[4.412501,51.913644],[4.412505,51.913656],[4.412508,51.913664],[4.412512,51.913672],[4.412516,51.913681],[4.412523,51.913696],[4.412528,51.913704],[4.412539,51.91372],[4.412544,51.913726],[4.412554,51.913739],[4.412662,51.913872],[4.412668,51.913879],[4.412673,51.913883],[4.412679,51.913888],[4.412686,51.913892],[4.412693,51.913897],[4.412701,51.913901],[4.412708,51.913904],[4.412715,51.913907],[4.412723,51.91391],[4.412732,51.913912],[4.412739,51.913914],[4.412746,51.913916],[4.412752,51.913917],[4.412759,51.913918],[4.412764,51.913918],[4.41277,51.913919],[4.412777,51.91392],[4.412783,51.91392],[4.41279,51.91392],[4.412806,51.91392],[4.4135,51.913913],[4.413506,51.913953],[4.413562,51.914315],[4.413563,51.914316],[4.413601,51.914585],[4.413765,51.914575],[4.415081,51.914494],[4.415152,51.91449],[4.415252,51.914484],[4.415697,51.915938],[4.415842,51.915923],[4.416346,51.91757],[4.416645,51.918547],[4.416951,51.919549],[4.417076,51.919957],[4.417073,51.920083],[4.417069,51.920248],[4.417066,51.92034],[4.417064,51.920418],[4.417064,51.920424],[4.417063,51.920459],[4.417054,51.920824],[4.417052,51.92091],[4.417052,51.920937],[4.417052,51.920938],[4.417017,51.922342],[4.417016,51.922393],[4.417015,51.922414],[4.417012,51.922522],[4.416843,51.922624],[4.416831,51.923075],[4.416831,51.923095],[4.416831,51.9231],[4.416745,51.923084],[4.416643,51.92307],[4.416627,51.923068],[4.416583,51.923063],[4.416562,51.923061],[4.416548,51.92306],[4.416435,51.923048],[4.416325,51.923038],[4.416186,51.923026],[4.416148,51.923023],[4.416047,51.923015],[4.415872,51.923003],[4.415715,51.922992],[4.415573,51.922985],[4.415452,51.922979],[4.415322,51.922974],[4.415235,51.92297],[4.415159,51.923072],[4.413563,51.925199],[4.412134,51.927104],[4.410496,51.929292],[4.410349,51.929248],[4.4103,51.929234],[4.409953,51.929135],[4.409875,51.929113],[4.409856,51.929156],[4.409769,51.929357],[4.409708,51.929448],[4.409668,51.929504],[4.409589,51.929597],[4.409429,51.929784],[4.409408,51.929806],[4.409325,51.929895],[4.409253,51.929974],[4.409121,51.930117],[4.409083,51.930152],[4.408991,51.930233],[4.408822,51.930376],[4.408735,51.930457],[4.408671,51.930518],[4.408591,51.930611],[4.408567,51.930644],[4.408506,51.930723],[4.408394,51.930881],[4.408343,51.930968],[4.408294,51.931057],[4.408267,51.931108],[4.408236,51.931184],[4.408207,51.93127],[4.40819,51.931335],[4.408173,51.931414],[4.408165,51.931473],[4.408154,51.931664],[4.408147,51.931808],[4.408157,51.931924],[4.408165,51.932043],[4.408178,51.932187],[4.408192,51.932304],[4.408218,51.932475],[4.408244,51.932622],[4.408302,51.93287],[4.408353,51.933063],[4.408394,51.933214],[4.408445,51.933389],[4.408494,51.933554],[4.408535,51.933673],[4.408656,51.934029],[4.408733,51.934264],[4.408762,51.934394],[4.40879,51.934569],[4.408809,51.934749],[4.408812,51.934787],[4.408846,51.935117],[4.408797,51.935133],[4.408802,51.935176],[4.408849,51.935186],[4.408865,51.935253],[4.408887,51.93536],[4.408958,51.935568],[4.409009,51.935682],[4.409049,51.935746],[4.409126,51.935841],[4.409145,51.935863],[4.40924,51.935956],[4.409329,51.936036],[4.409474,51.936145],[4.409465,51.936152],[4.409553,51.936212],[4.409563,51.936207],[4.409671,51.93627],[4.409811,51.936339],[4.409893,51.936373],[4.410018,51.936416],[4.410187,51.936469],[4.410359,51.936509],[4.410505,51.936542],[4.410687,51.93657],[4.410914,51.936592],[4.411089,51.936603],[4.411269,51.936613],[4.411402,51.936618],[4.411526,51.93662],[4.411537,51.93662],[4.41186,51.936627],[4.411911,51.936628],[4.412099,51.93663],[4.412112,51.93663],[4.412447,51.936633],[4.412581,51.936635],[4.412646,51.936637],[4.412738,51.936642],[4.412808,51.936646],[4.412954,51.936663],[4.413021,51.936674],[4.413087,51.936684],[4.413156,51.9367],[4.413231,51.936721],[4.413303,51.936743],[4.413357,51.936761],[4.41342,51.936782],[4.413486,51.936807],[4.413555,51.936836],[4.41378,51.936936],[4.413996,51.937034],[4.414478,51.937249],[4.414679,51.937336],[4.414762,51.937374],[4.414779,51.937382],[4.414828,51.937407],[4.414829,51.937408],[4.414856,51.937422],[4.415086,51.937541],[4.415271,51.937628],[4.415286,51.937635],[4.415586,51.937774],[4.41582,51.937872],[4.41588,51.937897],[4.416176,51.938021],[4.416178,51.938022],[4.416238,51.938045],[4.416237,51.938048],[4.416275,51.938063],[4.416308,51.938077],[4.416312,51.938075],[4.416356,51.938093],[4.41646,51.938137],[4.416464,51.938133],[4.416548,51.938155],[4.416588,51.938166],[4.416751,51.938213],[4.417005,51.938251],[4.417012,51.938252],[4.41735,51.938303],[4.417454,51.938353],[4.417537,51.938392],[4.417635,51.938439],[4.417713,51.938477],[4.417525,51.93866],[4.417405,51.938777],[4.417405,51.938777],[4.417404,51.938778],[4.417358,51.938823],[4.417336,51.938843],[4.417211,51.938961],[4.416644,51.939467],[4.416582,51.939514],[4.416525,51.939513],[4.416445,51.93961],[4.416445,51.939611],[4.416437,51.939619],[4.41642,51.939641],[4.416381,51.939688],[4.415526,51.940718],[4.415492,51.940759],[4.415462,51.940738],[4.415459,51.940736],[4.414557,51.940114],[4.414188,51.939613],[4.413814,51.939386],[4.413207,51.939058],[4.411808,51.938598],[4.411697,51.938561],[4.410946,51.938315],[4.410894,51.938298],[4.410803,51.938268],[4.409317,51.937981],[4.408518,51.938637],[4.406519,51.937953],[4.406075,51.937801],[4.405822,51.937861],[4.40392,51.937253],[4.402161,51.938373],[4.402123,51.938402],[4.40209,51.938435],[4.402151,51.938897],[4.402128,51.938918],[4.402115,51.938931],[4.402034,51.938984],[4.401924,51.939056],[4.401777,51.939152],[4.401755,51.939153],[4.401554,51.939164],[4.401274,51.93918],[4.400783,51.93924],[4.40047,51.93944],[4.400381,51.939483],[4.400096,51.939669],[4.399789,51.939871],[4.399654,51.939962],[4.399512,51.940075],[4.399376,51.94016],[4.399256,51.940253],[4.39874,51.940608],[4.398472,51.940819],[4.397865,51.941251],[4.397778,51.941302],[4.395006,51.942892],[4.394977,51.942909],[4.394216,51.943999],[4.394063,51.944093],[4.393876,51.944119],[4.393448,51.94426],[4.393478,51.944465],[4.393523,51.944523],[4.393669,51.944613],[4.394379,51.945518],[4.394921,51.946458],[4.395074,51.946724],[4.395132,51.946824],[4.395151,51.946857],[4.395188,51.946927],[4.395165,51.946932],[4.395142,51.946937],[4.394851,51.947001],[4.394781,51.947016],[4.394352,51.94711],[4.394057,51.947012],[4.393966,51.946979],[4.393964,51.946979],[4.392407,51.946423],[4.390634,51.945789],[4.39016,51.94563],[4.389939,51.945556],[4.389925,51.945551],[4.389851,51.945528],[4.389849,51.945528],[4.389821,51.945519],[4.389767,51.945502],[4.389752,51.945497],[4.389672,51.945472],[4.389599,51.94552],[4.389501,51.945589],[4.389333,51.945626],[4.389306,51.945619],[4.388933,51.945535],[4.38891,51.94553],[4.388536,51.946231],[4.388536,51.946231],[4.388426,51.946449],[4.388426,51.94645],[4.388425,51.946452],[4.388423,51.946455],[4.388423,51.946456],[4.388423,51.946456],[4.388311,51.946679],[4.388302,51.946696],[4.388258,51.946784],[4.388203,51.946894],[4.388173,51.946953],[4.388136,51.947028],[4.388116,51.947066],[4.387971,51.947355],[4.387949,51.947396],[4.387947,51.947399],[4.387831,51.947611],[4.38783,51.947613],[4.387658,51.947927],[4.387591,51.948049],[4.387567,51.948093],[4.387556,51.948112],[4.387548,51.948127],[4.387538,51.948145],[4.387523,51.948172],[4.387165,51.948826],[4.387165,51.948826],[4.387074,51.948992],[4.386962,51.949197],[4.386658,51.949752],[4.386302,51.9504],[4.386229,51.950537],[4.385617,51.95168],[4.385614,51.951685],[4.385102,51.952641],[4.384889,51.953038],[4.384765,51.95327],[4.384669,51.953449],[4.384454,51.95385],[4.38444,51.953876],[4.384439,51.953878],[4.384433,51.953889],[4.38404,51.95462],[4.384023,51.954652],[4.384001,51.954693],[4.383979,51.954734],[4.38397,51.954751],[4.383743,51.955174],[4.383628,51.955388],[4.383345,51.955928],[4.382913,51.956751],[4.382847,51.956867],[4.382514,51.957453],[4.382415,51.957638],[4.382364,51.957733],[4.382347,51.957764],[4.38233,51.957797],[4.382328,51.9578],[4.382055,51.958307],[4.381922,51.958554],[4.381905,51.958584],[4.381895,51.958603],[4.381671,51.958995],[4.38167,51.958997],[4.381668,51.959002],[4.381363,51.959592],[4.381149,51.960006],[4.381032,51.960226],[4.381032,51.960228],[4.380699,51.960852],[4.380256,51.961685],[4.379917,51.962322],[4.379897,51.962359],[4.37988,51.962392],[4.379875,51.962401],[4.379821,51.962499],[4.37966,51.962788],[4.37962,51.962861],[4.379309,51.963407],[4.379312,51.963407],[4.379326,51.963409],[4.379356,51.963414],[4.379466,51.963433],[4.379594,51.963455],[4.379679,51.963469],[4.3797,51.963473],[4.379744,51.96348],[4.37975,51.963481],[4.379993,51.963523],[4.381847,51.963824],[4.381968,51.963844],[4.382739,51.963969],[4.385715,51.964454],[4.386365,51.964557],[4.386579,51.964591],[4.388259,51.964872],[4.388777,51.964959],[4.389049,51.965004],[4.389061,51.965006],[4.389706,51.965114],[4.389752,51.965122],[4.389779,51.965126],[4.389922,51.964686],[4.3899,51.964684],[4.389917,51.964597],[4.389947,51.964602],[4.390488,51.964692],[4.390833,51.96475],[4.391167,51.964805],[4.391189,51.964809],[4.391269,51.964822],[4.391297,51.964828],[4.391307,51.96483],[4.391368,51.964843],[4.391394,51.964848],[4.391402,51.96485],[4.391467,51.964863],[4.391478,51.964865],[4.391482,51.964866],[4.391752,51.964921],[4.391935,51.964667],[4.392332,51.964095],[4.393336,51.962747],[4.393564,51.962472],[4.393952,51.962618],[4.393959,51.962621],[4.393985,51.962631],[4.393988,51.962632],[4.394314,51.962755],[4.394744,51.962919],[4.3954,51.963191],[4.397138,51.963911],[4.397388,51.964012],[4.398238,51.964365],[4.398474,51.964461],[4.398973,51.964659],[4.399281,51.96478],[4.399625,51.964926],[4.39981,51.965005],[4.400259,51.96519],[4.400434,51.965258],[4.400765,51.965389],[4.401123,51.965542],[4.401315,51.965626],[4.401535,51.965725],[4.402108,51.965975],[4.402326,51.966068],[4.402416,51.966106],[4.402818,51.966265],[4.402933,51.966316],[4.403201,51.966434],[4.403204,51.966436],[4.403231,51.966448],[4.403661,51.966634],[4.403676,51.96664],[4.403938,51.966754],[4.404055,51.966803],[4.404149,51.966838],[4.404256,51.966882],[4.404351,51.966923],[4.404391,51.966945],[4.404434,51.966964],[4.404474,51.966977],[4.404512,51.966989],[4.404542,51.967003],[4.404576,51.967015],[4.404598,51.967022],[4.404629,51.967031],[4.404665,51.96704],[4.404702,51.967048],[4.404747,51.967057],[4.404807,51.967068],[4.40485,51.967079],[4.404915,51.967091],[4.405071,51.967112],[4.405159,51.967121],[4.405233,51.967128],[4.405263,51.967134],[4.405306,51.967147],[4.405338,51.967156],[4.405387,51.967168],[4.405437,51.967183],[4.40549,51.967201],[4.405541,51.967223],[4.405624,51.967257],[4.40572,51.967296],[4.405807,51.967332],[4.406022,51.967427],[4.406287,51.96754],[4.406411,51.967588],[4.406521,51.967636],[4.406635,51.967677],[4.406747,51.967726],[4.406854,51.967769],[4.406967,51.967817],[4.407126,51.967878],[4.407252,51.967927],[4.407394,51.967984],[4.407546,51.968047],[4.407674,51.968102],[4.407911,51.968199],[4.408576,51.968468],[4.409513,51.968883],[4.41042,51.969232],[4.411343,51.969644],[4.41216,51.96995],[4.412988,51.9703],[4.414415,51.970889],[4.416009,51.971549],[4.418535,51.972577],[4.420014,51.973073],[4.420845,51.973405],[4.421225,51.973583],[4.422663,51.974169],[4.423906,51.974726],[4.42516,51.975201],[4.425961,51.975562],[4.426889,51.975914],[4.427517,51.97621],[4.427637,51.97629],[4.427898,51.976466],[4.427961,51.976507],[4.427997,51.976532],[4.428132,51.97662],[4.428241,51.976525],[4.428764,51.976069],[4.428968,51.975876],[4.429018,51.975832],[4.429025,51.975826],[4.42903,51.975818],[4.429036,51.975813],[4.429059,51.975795],[4.429145,51.97573],[4.429244,51.97565],[4.429292,51.975617],[4.429353,51.975573],[4.429356,51.975574],[4.429365,51.975568],[4.429406,51.975538],[4.429419,51.975526],[4.429433,51.975512],[4.429447,51.975501],[4.429465,51.975487],[4.429493,51.975467],[4.429496,51.975465],[4.429516,51.975454],[4.42954,51.975442],[4.429564,51.975427],[4.42959,51.975409],[4.429621,51.975385],[4.429673,51.975345],[4.429726,51.975306],[4.429757,51.975278],[4.4298,51.975241],[4.429867,51.975182],[4.429872,51.975177],[4.429901,51.975153],[4.429949,51.975114],[4.430005,51.975072],[4.430034,51.97505],[4.430141,51.974968],[4.43052,51.974676],[4.430562,51.974645],[4.43059,51.974621],[4.430633,51.974584],[4.430708,51.974529],[4.43079,51.974468],[4.430868,51.974408],[4.430911,51.974375],[4.430954,51.974342],[4.431031,51.97428],[4.431094,51.974232],[4.431158,51.974183],[4.431231,51.974127],[4.431304,51.974073],[4.431369,51.974024],[4.431448,51.973966],[4.431595,51.973861],[4.431687,51.973798],[4.431706,51.973785],[4.431782,51.973731],[4.431865,51.973672],[4.431905,51.973646],[4.431931,51.973629],[4.432081,51.973525],[4.432121,51.973498],[4.432172,51.973464],[4.432221,51.973436],[4.432257,51.973413],[4.43227,51.973406],[4.43228,51.973403],[4.43229,51.9734],[4.432302,51.973396],[4.432309,51.973393],[4.432319,51.973388],[4.43234,51.973373],[4.432366,51.973354],[4.432374,51.973348],[4.432391,51.973336],[4.432414,51.973317],[4.432429,51.973302],[4.432444,51.973287],[4.432453,51.973278],[4.432464,51.973269],[4.4325,51.973243],[4.432517,51.973231],[4.432526,51.973224],[4.432534,51.973223],[4.432547,51.973212],[4.432562,51.973197],[4.432572,51.973189],[4.432583,51.97318],[4.432591,51.973172],[4.432663,51.973121],[4.432692,51.9731],[4.432816,51.973009],[4.432898,51.972949],[4.433006,51.972868],[4.433062,51.972829],[4.433088,51.97281],[4.433113,51.972794],[4.433128,51.972784],[4.433141,51.972775],[4.433142,51.972774],[4.433155,51.972763],[4.433171,51.972749],[4.433184,51.972738],[4.433223,51.972709],[4.433233,51.972704],[4.433241,51.972701],[4.433249,51.972698],[4.433256,51.972694],[4.433264,51.972688],[4.433269,51.972682],[4.43329,51.972659],[4.433297,51.972651],[4.433299,51.972649],[4.433304,51.972645],[4.433316,51.972635],[4.433331,51.972623],[4.433421,51.972558],[4.433546,51.972469],[4.433561,51.972458],[4.433578,51.972445],[4.433606,51.972426],[4.433691,51.972365],[4.433698,51.97236],[4.433765,51.972311],[4.433953,51.972171],[4.434145,51.972027],[4.43415,51.972021],[4.434156,51.972014],[4.434163,51.972007],[4.434178,51.971989],[4.434189,51.971977],[4.434207,51.971961],[4.434228,51.971942],[4.434251,51.971923],[4.434308,51.971876],[4.434354,51.971835],[4.434389,51.971807],[4.434413,51.971787],[4.43442,51.971781],[4.434438,51.971765],[4.434455,51.971751],[4.434473,51.971738],[4.434561,51.971775],[4.434894,51.971513],[4.435337,51.971172],[4.435359,51.971148],[4.435449,51.971082],[4.435591,51.970983],[4.435871,51.970769],[4.436,51.970672],[4.436176,51.97057],[4.436241,51.9705],[4.436348,51.970384],[4.436751,51.970076],[4.43689,51.96997],[4.437213,51.96973],[4.437356,51.969624],[4.437679,51.969386],[4.43785,51.969254],[4.438189,51.969002],[4.438311,51.968908],[4.438691,51.968627],[4.438811,51.968543],[4.439256,51.968217],[4.439437,51.968084],[4.439893,51.96776],[4.440068,51.967632],[4.440586,51.967255],[4.440805,51.967094],[4.441243,51.96677],[4.441384,51.96666],[4.441647,51.966463],[4.441651,51.96646],[4.441699,51.966424],[4.441703,51.966421],[4.441936,51.966247],[4.442086,51.966144],[4.442675,51.965747],[4.44284,51.965641],[4.443467,51.965196],[4.443627,51.965081],[4.444303,51.964589],[4.444544,51.964397],[4.444721,51.964248],[4.445312,51.963797],[4.4454,51.96373],[4.446405,51.962988],[4.446682,51.962786],[4.446715,51.962802],[4.446876,51.962883],[4.447296,51.963106],[4.447324,51.963085],[4.447494,51.962959],[4.448508,51.963943],[4.449187,51.964602],[4.449528,51.964932],[4.449869,51.965263],[4.450079,51.965466],[4.450218,51.965578],[4.450514,51.965813],[4.450647,51.965839],[4.450883,51.965885],[4.452035,51.966109],[4.452548,51.966225],[4.452993,51.966322],[4.454264,51.966652],[4.454246,51.966674],[4.455508,51.966982],[4.456672,51.967269],[4.456825,51.967311],[4.457196,51.967413],[4.457342,51.967461],[4.45777,51.967601],[4.458345,51.967814],[4.458781,51.967987],[4.458849,51.968032],[4.45923,51.968238],[4.460097,51.968782],[4.460098,51.968782],[4.460099,51.968783],[4.460375,51.969101],[4.460403,51.969147],[4.460568,51.96955],[4.460577,51.969594],[4.460566,51.970174],[4.460491,51.970442],[4.46049,51.970442],[4.460447,51.970594],[4.460161,51.971609],[4.460364,51.97171],[4.460367,51.971711],[4.460521,51.971788],[4.460741,51.971898],[4.460883,51.971968],[4.461008,51.972031],[4.461458,51.972255],[4.461462,51.972257],[4.461553,51.972302],[4.461569,51.97231],[4.461885,51.972468],[4.461961,51.972505],[4.462204,51.972654],[4.462221,51.972681],[4.46221,51.972709],[4.461747,51.97371],[4.461694,51.973768],[4.461596,51.973872],[4.461359,51.97479],[4.461346,51.974837],[4.461676,51.975122],[4.461753,51.975188],[4.462362,51.97572],[4.462401,51.975755],[4.462796,51.9761],[4.463153,51.976407],[4.46316,51.976403],[4.463677,51.976829],[4.463865,51.977],[4.464023,51.977148],[4.464021,51.977149],[4.463676,51.977316],[4.463241,51.977527],[4.463967,51.978168],[4.464125,51.978307],[4.465803,51.97893],[4.465803,51.97893],[4.465988,51.978838],[4.465989,51.978838],[4.46618,51.978744],[4.46618,51.978744],[4.466344,51.978664],[4.466345,51.978663],[4.466471,51.978601],[4.466472,51.978601],[4.46668,51.978498],[4.46699,51.978644],[4.467128,51.978709],[4.467128,51.978709],[4.46713,51.97871],[4.467239,51.978767],[4.46724,51.978767],[4.467385,51.978841],[4.467385,51.978842],[4.467458,51.978879],[4.467496,51.978899],[4.467496,51.9789],[4.467607,51.978957],[4.467608,51.978958],[4.467752,51.979033],[4.467752,51.979033],[4.467779,51.979048],[4.467862,51.979092],[4.467862,51.979092],[4.467969,51.979151],[4.467971,51.979152],[4.468093,51.979218],[4.468187,51.979267],[4.468208,51.979281],[4.468209,51.979281],[4.468365,51.979384],[4.468367,51.979385],[4.468466,51.97945],[4.468466,51.97945],[4.468537,51.979496],[4.468563,51.979517],[4.468564,51.979517],[4.468655,51.979586],[4.468656,51.979587],[4.468746,51.979655],[4.468748,51.979657],[4.468854,51.979737],[4.468889,51.979766],[4.46889,51.979766],[4.469087,51.979927],[4.469098,51.979936],[4.469184,51.980006],[4.469227,51.979984],[4.469451,51.980187],[4.469259,51.980285],[4.469236,51.980297],[4.469214,51.980308],[4.469068,51.980382],[4.468875,51.98048],[4.468963,51.980524],[4.468972,51.980529],[4.469012,51.980549],[4.469023,51.980544],[4.469505,51.980306],[4.469516,51.980301],[4.469541,51.980288],[4.469939,51.980093],[4.469952,51.980086],[4.470472,51.979823],[4.470558,51.97978],[4.470558,51.97978],[4.470912,51.979599],[4.471431,51.979338],[4.471431,51.979338],[4.471432,51.979337],[4.471444,51.979331],[4.471616,51.979243],[4.47163,51.979237],[4.471786,51.979157],[4.471793,51.979153],[4.471948,51.979074],[4.472427,51.978835],[4.47244,51.978829],[4.472556,51.978771],[4.472691,51.978704],[4.473068,51.978515],[4.473152,51.978473],[4.473515,51.978289],[4.473541,51.978276],[4.473661,51.978216],[4.473766,51.978163],[4.473784,51.978154],[4.473854,51.978119],[4.473906,51.978094],[4.473934,51.97808],[4.473966,51.978064],[4.473966,51.978064],[4.473967,51.978063],[4.474027,51.978033],[4.474074,51.978009],[4.474148,51.977972],[4.474268,51.977911],[4.47427,51.97791],[4.474302,51.977893],[4.474362,51.977863],[4.474464,51.977812],[4.474487,51.977801],[4.474567,51.977761],[4.474754,51.977668],[4.474801,51.977645],[4.475011,51.97754],[4.475285,51.977403],[4.475287,51.977402],[4.47529,51.977401],[4.475293,51.9774],[4.475541,51.977279],[4.475805,51.977149],[4.47595,51.977079],[4.476121,51.976995],[4.476163,51.976974],[4.476337,51.976889],[4.476368,51.976873],[4.476635,51.976742],[4.476735,51.976692],[4.476989,51.976567],[4.477295,51.976416],[4.477608,51.976262],[4.477633,51.97625],[4.477939,51.976099],[4.478102,51.976021],[4.478318,51.975916],[4.478388,51.975881],[4.479334,51.975407],[4.479684,51.975231],[4.479723,51.975211],[4.479724,51.975211],[4.48192,51.974108],[4.482548,51.973791],[4.482624,51.973756],[4.48295,51.973591],[4.483117,51.973504],[4.483165,51.973481],[4.483251,51.973363],[4.483252,51.973362],[4.483337,51.973245],[4.483842,51.972989],[4.484022,51.972897],[4.484041,51.972887],[4.484166,51.972824],[4.485552,51.972118],[4.48581,51.971986],[4.48671,51.971735],[4.486965,51.971606],[4.487922,51.971123],[4.490995,51.969556],[4.491007,51.96955],[4.492672,51.968708],[4.492697,51.968696],[4.49339,51.968346],[4.494391,51.967839],[4.49443,51.96782],[4.49517,51.967447],[4.495179,51.967442],[4.495184,51.96744],[4.495234,51.967415],[4.495258,51.967403],[4.495259,51.967439],[4.495316,51.969043],[4.495318,51.969071],[4.49531,51.969692],[4.495563,51.97062],[4.495746,51.971565],[4.4958,51.971844],[4.495894,51.971797],[4.496034,51.971725],[4.496136,51.971674],[4.496242,51.97162],[4.496332,51.971574],[4.49634,51.971568],[4.496857,51.971306],[4.499559,51.969938],[4.500482,51.969466],[4.503702,51.967834],[4.504937,51.96721],[4.506584,51.966376],[4.506628,51.966354],[4.506631,51.966352],[4.505844,51.965652],[4.509274,51.963895],[4.509283,51.963902],[4.509392,51.963846],[4.511955,51.962566],[4.512247,51.96242],[4.513103,51.962922],[4.513789,51.962606],[4.513901,51.962654],[4.514878,51.962158],[4.515624,51.96178],[4.515677,51.961753],[4.515689,51.961747],[4.516487,51.961341],[4.51662,51.961278],[4.516639,51.961282],[4.517948,51.960613],[4.518042,51.960564],[4.518262,51.960452],[4.518366,51.960399],[4.518586,51.960286],[4.51859,51.960291],[4.519022,51.961009],[4.519205,51.961311],[4.519236,51.961362],[4.519325,51.961515],[4.519707,51.962021],[4.519733,51.962056],[4.51989,51.962233],[4.520166,51.962547],[4.520425,51.962843],[4.520719,51.963198],[4.520862,51.963342],[4.520947,51.963408],[4.521013,51.963453],[4.521072,51.963479],[4.521233,51.963526],[4.521449,51.96358],[4.521657,51.963618],[4.521943,51.963662],[4.522086,51.963675],[4.52259,51.963688],[4.522765,51.963699],[4.522903,51.963711],[4.523043,51.963739],[4.523153,51.963762],[4.523474,51.963862],[4.523654,51.963925],[4.523892,51.964009],[4.524132,51.964107],[4.524364,51.964198],[4.524794,51.96438],[4.525142,51.964525],[4.525392,51.964622],[4.525565,51.964692],[4.525672,51.964737],[4.525768,51.964778],[4.525884,51.964833],[4.525985,51.964881],[4.526093,51.964935],[4.526384,51.965102],[4.526501,51.965162],[4.526624,51.96521],[4.526916,51.965302],[4.527016,51.965333],[4.527454,51.965488],[4.52755,51.965525],[4.527738,51.965616],[4.527822,51.965659],[4.527905,51.965722],[4.527971,51.96579],[4.52801,51.965846],[4.528056,51.965925],[4.528047,51.966024],[4.528039,51.966125],[4.528035,51.966238],[4.528043,51.966337],[4.528068,51.966441],[4.528072,51.966457],[4.528114,51.96657],[4.528153,51.966644],[4.52823,51.966726],[4.52832,51.966801],[4.528428,51.966876],[4.528528,51.966928],[4.52876,51.967024],[4.528837,51.967045],[4.529089,51.967066],[4.52924,51.967086],[4.529471,51.96713],[4.529572,51.967145],[4.529694,51.967158],[4.529839,51.967176],[4.530107,51.967229],[4.530254,51.967265],[4.53042,51.967318],[4.530594,51.967386],[4.530766,51.967463],[4.53097,51.967559],[4.531116,51.967618],[4.531337,51.967695],[4.531525,51.967745],[4.531641,51.967772],[4.531819,51.967803],[4.532104,51.967835],[4.532274,51.967849],[4.53251,51.967855],[4.532879,51.967862],[4.533089,51.967872],[4.533308,51.967887],[4.53352,51.967905],[4.5337,51.967925],[4.533922,51.96796],[4.534102,51.967991],[4.534192,51.968006],[4.53437,51.968045],[4.534472,51.968069],[4.534606,51.968116],[4.534711,51.968157],[4.534885,51.968227],[4.534985,51.968272],[4.535055,51.968313],[4.535128,51.968358],[4.535212,51.968425],[4.535302,51.968516],[4.535357,51.968601],[4.535395,51.96868],[4.535412,51.968765],[4.535426,51.968875],[4.535436,51.969056],[4.535436,51.969193],[4.535427,51.969364],[4.535431,51.969577],[4.535429,51.969586],[4.535394,51.969822],[4.535383,51.969949],[4.535383,51.970044],[4.535399,51.970134],[4.53542,51.970201],[4.535466,51.970264],[4.535522,51.970317],[4.535609,51.970373],[4.535687,51.970415],[4.535782,51.970448],[4.535874,51.970477],[4.535983,51.970498],[4.536093,51.970504],[4.536178,51.970502],[4.536302,51.970487],[4.536443,51.970454],[4.536944,51.97029],[4.537165,51.970223],[4.537411,51.970164],[4.537955,51.970045],[4.538122,51.970009],[4.538288,51.969968],[4.538458,51.969928],[4.538608,51.969901],[4.538932,51.969865],[4.539155,51.969842],[4.539316,51.969837],[4.539503,51.969838],[4.539666,51.969845],[4.539855,51.969866],[4.539951,51.969885],[4.540307,51.969997],[4.540461,51.970062],[4.54094,51.970283],[4.541063,51.97034],[4.541246,51.970422],[4.542159,51.970801],[4.54225,51.970836],[4.542569,51.970928],[4.542779,51.970995],[4.543023,51.971078],[4.54318,51.971144],[4.543338,51.971222],[4.543664,51.971399],[4.543881,51.971534],[4.544029,51.971622],[4.544326,51.971756],[4.544536,51.971836],[4.544722,51.971911],[4.544891,51.97199],[4.545148,51.972125],[4.54542,51.972255],[4.54563,51.972351],[4.545887,51.972439],[4.546468,51.972594],[4.54686,51.972689],[4.54716,51.972752],[4.547371,51.972789],[4.547503,51.972801],[4.547686,51.972807],[4.547888,51.972611],[4.54791,51.972588],[4.547918,51.972581],[4.548105,51.972399],[4.548083,51.972389],[4.548109,51.972375],[4.549344,51.971719],[4.54957,51.971587],[4.549664,51.97152],[4.549749,51.971387],[4.549822,51.971303],[4.549934,51.971234],[4.550186,51.971098],[4.551001,51.970657],[4.551039,51.970637],[4.552681,51.969752],[4.553367,51.969382],[4.553854,51.969116],[4.554181,51.968941],[4.554197,51.968931],[4.554215,51.968921],[4.554234,51.968911],[4.554252,51.968904],[4.554272,51.968896],[4.554311,51.968883],[4.554331,51.968878],[4.554351,51.968873],[4.554372,51.968869],[4.554395,51.968865],[4.55442,51.968862],[4.554442,51.96886],[4.554467,51.968859],[4.554489,51.968858],[4.554513,51.968858],[4.554544,51.96886],[4.554554,51.96886],[4.554568,51.968862],[4.554762,51.968895],[4.555408,51.968815],[4.55638,51.968875],[4.556406,51.968805],[4.556472,51.968811],[4.556545,51.968796],[4.55669,51.96872],[4.556583,51.968658],[4.556503,51.968588],[4.556517,51.968556],[4.556532,51.968521],[4.556559,51.968455],[4.556586,51.968466],[4.55814,51.969099],[4.558215,51.969123],[4.558326,51.96915],[4.558469,51.969181],[4.558882,51.969262],[4.559543,51.969391],[4.560252,51.969529],[4.560406,51.969569],[4.560548,51.969622],[4.560674,51.96969],[4.560709,51.969727],[4.56075,51.969775],[4.560786,51.969868],[4.560797,51.969949],[4.560776,51.970026],[4.560735,51.970114],[4.561222,51.970196],[4.561399,51.970275],[4.561355,51.970312],[4.561105,51.970525],[4.561422,51.970662],[4.561652,51.970762],[4.561487,51.970899],[4.561338,51.971023],[4.56113,51.971196],[4.561589,51.9714],[4.561443,51.971525],[4.561606,51.971592],[4.561608,51.971593],[4.561833,51.971686],[4.561838,51.971688],[4.561925,51.971724],[4.561928,51.971726],[4.561954,51.971737],[4.562079,51.971788],[4.562097,51.971796],[4.56216,51.971822],[4.562414,51.971927],[4.562547,51.971815],[4.562763,51.971634],[4.562898,51.971521],[4.563368,51.971728],[4.563212,51.971863],[4.563744,51.971768],[4.564148,51.971695],[4.564256,51.971602],[4.564334,51.971534],[4.565106,51.971344],[4.565109,51.971343],[4.565382,51.971276],[4.565671,51.971337],[4.565744,51.971471],[4.566714,51.971242],[4.566936,51.97119],[4.567485,51.971308],[4.568065,51.971432],[4.568647,51.971557],[4.569195,51.971714],[4.569728,51.971867],[4.570276,51.972024],[4.571602,51.972125],[4.571804,51.971957],[4.571909,51.971869],[4.572391,51.972085],[4.57261,51.972169],[4.572748,51.972223],[4.572871,51.97227],[4.5734,51.972474],[4.573883,51.97266],[4.574363,51.972876],[4.57412,51.97308],[4.574088,51.973107],[4.575047,51.973638],[4.575051,51.97364],[4.575416,51.973808],[4.575508,51.97386],[4.575699,51.973964],[4.575786,51.974012],[4.575945,51.974099],[4.575949,51.974102],[4.576163,51.97422],[4.576381,51.974341],[4.576389,51.974345],[4.576817,51.974582],[4.576822,51.974585],[4.577254,51.974823],[4.577259,51.974826],[4.577289,51.974842],[4.577442,51.974927],[4.57747,51.974942],[4.577491,51.974954],[4.577615,51.975022],[4.577642,51.975037],[4.57769,51.975064],[4.577694,51.975066],[4.577778,51.975113],[4.577811,51.975131],[4.577937,51.9752],[4.577948,51.975207],[4.578088,51.975284],[4.578126,51.975305],[4.57814,51.975312],[4.578544,51.975535],[4.578563,51.975546],[4.579,51.975787],[4.578959,51.975821],[4.578727,51.976017],[4.578702,51.976039],[4.578698,51.976042],[4.578664,51.97607],[4.578582,51.97614],[4.578524,51.976188],[4.577921,51.975854],[4.577875,51.975893],[4.577783,51.975972],[4.577739,51.976007],[4.577447,51.976249],[4.577301,51.976168],[4.575721,51.975294],[4.574466,51.974599],[4.574304,51.974509],[4.573939,51.974761],[4.573836,51.974715],[4.573529,51.974576],[4.573253,51.97495],[4.571801,51.97691],[4.570409,51.978788],[4.57023,51.97903],[4.573375,51.979792],[4.573701,51.979871],[4.575462,51.980297],[4.575696,51.980354],[4.578918,51.981134],[4.578937,51.981276],[4.578938,51.981287],[4.578952,51.981396],[4.578976,51.981578],[4.578988,51.981671],[4.57899,51.981693],[4.578993,51.981715],[4.579083,51.982416],[4.579091,51.982473],[4.579097,51.98253],[4.579102,51.982588],[4.579106,51.982645],[4.57911,51.982707],[4.579113,51.982769],[4.579114,51.982831],[4.579115,51.982893],[4.579114,51.982955],[4.579112,51.983017],[4.57911,51.983079],[4.579106,51.983141],[4.579101,51.983203],[4.579095,51.983265],[4.579088,51.983326],[4.57908,51.983388],[4.579071,51.98345],[4.579061,51.983512],[4.57905,51.983573],[4.579038,51.983635],[4.579025,51.983697],[4.579011,51.983759],[4.578995,51.983822],[4.578979,51.983884],[4.578962,51.983946],[4.578943,51.984008],[4.578924,51.984069],[4.578903,51.984131],[4.578881,51.984193],[4.578859,51.984254],[4.578835,51.984315],[4.57881,51.984376],[4.578784,51.984437],[4.578757,51.984498],[4.578729,51.984558],[4.5787,51.984619],[4.57867,51.984679],[4.578639,51.984739],[4.578607,51.984798],[4.578574,51.984858],[4.57854,51.984917],[4.578504,51.984976],[4.578468,51.985035],[4.578431,51.985094],[4.578393,51.985152],[4.578354,51.98521],[4.578314,51.985267],[4.578274,51.985323],[4.578233,51.985379],[4.578191,51.985435],[4.578148,51.98549],[4.578104,51.985546],[4.578058,51.985601],[4.578012,51.985657],[4.577964,51.985712],[4.577916,51.985767],[4.577866,51.985822],[4.577816,51.985876],[4.57778,51.985914],[4.577506,51.986202],[4.577312,51.986405],[4.577764,51.986569],[4.579019,51.987024],[4.579232,51.987102],[4.579687,51.987267],[4.57945,51.987584],[4.579269,51.987826],[4.579197,51.987921],[4.578945,51.988258],[4.578728,51.988549],[4.578753,51.988556],[4.579736,51.988836],[4.579708,51.988873],[4.579517,51.98912],[4.579516,51.989121],[4.5795,51.989141],[4.57945,51.989206],[4.57919,51.989542],[4.578943,51.989861],[4.578936,51.98987],[4.579725,51.990096],[4.579943,51.990158],[4.584845,51.99156],[4.584915,51.99158],[4.588722,51.992668],[4.591337,51.993416],[4.592268,51.993681],[4.592282,51.993686],[4.59257,51.993768],[4.592761,51.993822],[4.592761,51.993823],[4.592854,51.993849],[4.592855,51.993849],[4.592865,51.993852],[4.593564,51.994052],[4.593893,51.994146],[4.594157,51.994221],[4.59419,51.994231],[4.59428,51.994256],[4.594368,51.994282],[4.595019,51.993414],[4.595182,51.993189],[4.595666,51.992535],[4.596024,51.992043],[4.596335,51.991629],[4.596716,51.991142],[4.597488,51.99009],[4.598157,51.989183],[4.598382,51.988863],[4.598561,51.98861],[4.59868,51.98842],[4.598721,51.988324],[4.598763,51.988156],[4.598763,51.988155],[4.598769,51.988036],[4.598773,51.987969],[4.598674,51.987968],[4.598644,51.987857],[4.598582,51.987631],[4.598525,51.98747],[4.598488,51.987341],[4.598473,51.987285],[4.598393,51.98709],[4.598263,51.986775],[4.598228,51.986692],[4.597541,51.985077],[4.59738,51.984694],[4.597305,51.984514],[4.59727,51.984431],[4.597184,51.984225],[4.596721,51.983122],[4.596587,51.982804],[4.596552,51.982738],[4.596544,51.982722],[4.596431,51.98255],[4.59633,51.982425],[4.596285,51.98237],[4.596183,51.982243],[4.595978,51.982004],[4.595843,51.98181],[4.595812,51.981758],[4.595784,51.981706],[4.595775,51.981668],[4.59577,51.981655],[4.595324,51.98045],[4.595174,51.980034],[4.595028,51.979633],[4.594892,51.979272],[4.594784,51.978981],[4.594682,51.978756],[4.594595,51.978574],[4.594531,51.978447],[4.594472,51.978327],[4.594345,51.978058],[4.594228,51.977773],[4.594187,51.977662],[4.594175,51.977606],[4.594177,51.977554],[4.59419,51.9775],[4.594198,51.977465],[4.594201,51.977448],[4.59426,51.977291],[4.594287,51.977214],[4.594302,51.977158],[4.594291,51.977101],[4.594271,51.97708],[4.594189,51.977],[4.594114,51.976944],[4.594068,51.976906],[4.593986,51.976839],[4.593904,51.976756],[4.593893,51.976737],[4.59385,51.976637],[4.593803,51.976514],[4.593772,51.976403],[4.593753,51.976309],[4.593742,51.976221],[4.593733,51.976132],[4.593738,51.976106],[4.593741,51.976089],[4.593769,51.976],[4.593809,51.975903],[4.593894,51.975885],[4.593897,51.975876],[4.59392,51.975807],[4.593942,51.975759],[4.593978,51.975698],[4.594022,51.975643],[4.594124,51.975554],[4.594186,51.975506],[4.594383,51.975386],[4.59499,51.975101],[4.595537,51.974866],[4.597207,51.974168],[4.598184,51.973737],[4.599334,51.973254],[4.600327,51.972816],[4.601016,51.972512],[4.601748,51.972202],[4.601706,51.972184],[4.601808,51.97214],[4.601795,51.972134],[4.60167,51.972085],[4.601663,51.972082],[4.601478,51.972001],[4.601044,51.971841],[4.600851,51.97177],[4.600486,51.971677],[4.600121,51.971614],[4.599814,51.971553],[4.599672,51.971525],[4.599561,51.971498],[4.599506,51.971484],[4.5994,51.971447],[4.599069,51.971309],[4.598005,51.970843],[4.597877,51.970787],[4.597201,51.970488],[4.596717,51.970279],[4.596459,51.970184],[4.596424,51.97017],[4.59639,51.970159],[4.595945,51.970003],[4.594792,51.969582],[4.594623,51.969519],[4.593122,51.968963],[4.592865,51.968872],[4.592331,51.968684],[4.591566,51.968467],[4.591008,51.968308],[4.590845,51.968264],[4.590783,51.968246],[4.590754,51.96824],[4.590725,51.968235],[4.590691,51.968232],[4.590661,51.968234],[4.590629,51.968239],[4.590596,51.968248],[4.590569,51.968261],[4.590539,51.968279],[4.590509,51.9683],[4.590477,51.968327],[4.590203,51.968554],[4.590182,51.968568],[4.590146,51.968582],[4.590087,51.968587],[4.59006,51.968587],[4.590022,51.968581],[4.589832,51.968485],[4.589758,51.968452],[4.588467,51.967867],[4.587193,51.967289],[4.587177,51.967282],[4.586554,51.967005],[4.585502,51.966537],[4.585372,51.966478],[4.585263,51.966409],[4.585213,51.966376],[4.585156,51.966325],[4.584986,51.966099],[4.584917,51.966024],[4.584848,51.965948],[4.584722,51.965863],[4.58432,51.965683],[4.584284,51.965666],[4.584255,51.965642],[4.58425,51.965621],[4.584246,51.965599],[4.584267,51.96557],[4.584296,51.96553],[4.584315,51.965514],[4.584103,51.965419],[4.58409,51.965413],[4.583992,51.965369],[4.583832,51.965504],[4.583806,51.965492],[4.581479,51.964423],[4.581589,51.964331],[4.580385,51.963759],[4.580271,51.963704],[4.577254,51.962269],[4.577082,51.962187],[4.576952,51.962125],[4.576665,51.961988],[4.576642,51.961978],[4.576147,51.961742],[4.575568,51.961466],[4.575149,51.961267],[4.574994,51.961193],[4.574512,51.960964],[4.574201,51.960816],[4.573841,51.960645],[4.572691,51.960098],[4.572067,51.959808],[4.571997,51.959775],[4.571539,51.959562],[4.570871,51.959262],[4.570791,51.959227],[4.570508,51.9591],[4.5705,51.959096],[4.570378,51.959042],[4.5692,51.958545],[4.568253,51.958174],[4.568013,51.95808],[4.567946,51.958136],[4.567886,51.958186],[4.567712,51.958138],[4.567676,51.958128],[4.567595,51.958105],[4.567384,51.958046],[4.567229,51.958002],[4.567101,51.957967],[4.566975,51.957932],[4.566795,51.957882],[4.566519,51.958114],[4.565752,51.958759],[4.565346,51.959101],[4.565325,51.959118],[4.564737,51.959613],[4.564445,51.959859],[4.564367,51.959925],[4.564262,51.959877],[4.5639,51.959713],[4.56389,51.959708],[4.563221,51.959405],[4.563092,51.959346],[4.56301,51.959309],[4.562673,51.959156],[4.562203,51.958942],[4.562053,51.958875],[4.562504,51.957804],[4.562738,51.957251],[4.562899,51.956865],[4.56179,51.956686],[4.561587,51.956654],[4.56155,51.956648],[4.561569,51.956605],[4.561572,51.956599],[4.562406,51.954724]],[[3.994619,51.916103],[3.994278,51.916023],[3.994357,51.916063],[3.994389,51.916071],[3.994421,51.916079],[3.994494,51.916098],[3.994619,51.916103]],[[3.994008,51.916042],[3.994124,51.916008],[3.994255,51.916018],[3.993528,51.915848],[3.993503,51.915855],[3.993227,51.915948],[3.993198,51.915958],[3.993052,51.91599],[3.992905,51.915966],[3.992809,51.91598],[3.992733,51.916055],[3.992728,51.916122],[3.992711,51.91618],[3.99269,51.916245],[3.992691,51.916319],[3.992775,51.916379],[3.992842,51.916428],[3.992878,51.916454],[3.993098,51.916501],[3.993264,51.916495],[3.993339,51.916475],[3.993396,51.916415],[3.993386,51.916365],[3.993392,51.916304],[3.993448,51.916235],[3.993651,51.916145],[3.993929,51.916086],[3.994008,51.916042]],[[3.991036,51.917665],[3.991272,51.917588],[3.991469,51.917482],[3.99164,51.917378],[3.991737,51.917291],[3.991779,51.917229],[3.991842,51.917128],[3.991937,51.917043],[3.992018,51.917006],[3.992097,51.916964],[3.992222,51.916944],[3.992378,51.916878],[3.992595,51.916847],[3.992621,51.91685],[3.992763,51.916867],[3.992753,51.91681],[3.992772,51.916757],[3.992779,51.91672],[3.992746,51.916661],[3.992723,51.916642],[3.992649,51.91658],[3.992539,51.916528],[3.992445,51.916465],[3.992428,51.916426],[3.992415,51.916396],[3.992382,51.916396],[3.992351,51.916399],[3.992287,51.916404],[3.99219,51.916437],[3.9921,51.916481],[3.992002,51.916533],[3.991917,51.916609],[3.991755,51.916697],[3.99154,51.91681],[3.991358,51.916905],[3.991132,51.916994],[3.990939,51.917095],[3.990716,51.917196],[3.990536,51.917241],[3.990259,51.917302],[3.98999,51.917349],[3.989759,51.917364],[3.989596,51.917367],[3.989371,51.917371],[3.989259,51.917377],[3.989139,51.917385],[3.989108,51.917385],[3.988911,51.91738],[3.988715,51.917368],[3.988414,51.917335],[3.988008,51.917282],[3.987777,51.917252],[3.987669,51.917238],[3.987478,51.917198],[3.987189,51.917135],[3.986936,51.917068],[3.986805,51.917054],[3.986742,51.917048],[3.986634,51.917055],[3.986547,51.917075],[3.986509,51.917117],[3.9865,51.917159],[3.986526,51.917196],[3.986619,51.917235],[3.987084,51.917361],[3.987123,51.917369],[3.987514,51.91745],[3.987858,51.917512],[3.988203,51.917572],[3.9885,51.91761],[3.988889,51.917648],[3.989036,51.917653],[3.989317,51.917664],[3.989445,51.917666],[3.989779,51.917662],[3.990024,51.917644],[3.990056,51.917645],[3.990064,51.917659],[3.990048,51.917673],[3.990044,51.917677],[3.990036,51.917678],[3.989999,51.917687],[3.989954,51.917704],[3.989946,51.917722],[3.989936,51.917743],[3.989884,51.917803],[3.98986,51.91781],[3.98982,51.91782],[3.989812,51.917828],[3.9898,51.917838],[3.989809,51.917874],[3.989818,51.917886],[3.989838,51.917915],[3.989893,51.91796],[3.989946,51.917985],[3.989992,51.917975],[3.990003,51.91795],[3.990048,51.917918],[3.990124,51.917881],[3.990211,51.917849],[3.99032,51.917824],[3.990472,51.917811],[3.990619,51.917807],[3.990744,51.917779],[3.990805,51.917736],[3.990974,51.917684],[3.991036,51.917665]]]}},{"type":"Feature","properties":{"municipality":"Vlaardingen","code":"GM0622"},"geometry":{"type":"MultiLineString","coordinates":[[[4.36308,51.923604],[4.363552,51.923265],[4.363711,51.923151],[4.363787,51.923096],[4.363993,51.922948],[4.364165,51.922813],[4.364388,51.922599],[4.364555,51.922449],[4.36532,51.921808],[4.36537,51.921758],[4.365405,51.921725],[4.365448,51.921673],[4.365483,51.92161],[4.365502,51.921567],[4.365513,51.921546],[4.36572,51.920912],[4.365768,51.920665],[4.365892,51.919397],[4.365927,51.918889],[4.365953,51.918579],[4.366035,51.917759],[4.366041,51.917699],[4.366048,51.917625],[4.366068,51.917307],[4.366097,51.916787],[4.366127,51.9166],[4.366148,51.916437],[4.366177,51.916209],[4.366209,51.916027],[4.366265,51.915758],[4.366327,51.915484],[4.366438,51.915054],[4.366523,51.915068],[4.366787,51.915112],[4.367099,51.914357],[4.367166,51.914196],[4.367172,51.914181],[4.367226,51.914052],[4.367236,51.914025],[4.367237,51.914024],[4.367238,51.914021],[4.367268,51.913948],[4.367302,51.913867],[4.367303,51.913864],[4.367361,51.913723],[4.367378,51.913683],[4.36738,51.913678],[4.36738,51.913678],[4.367424,51.913601],[4.367581,51.913331],[4.368023,51.912568],[4.36836,51.911984],[4.368457,51.911688],[4.368459,51.911682],[4.36847,51.911631],[4.368514,51.911473],[4.368686,51.910856],[4.368707,51.91078],[4.368733,51.910683],[4.368766,51.910559],[4.368917,51.909995],[4.369133,51.909217],[4.369163,51.909178],[4.369154,51.909136],[4.369193,51.908996],[4.369196,51.908986],[4.369204,51.908946],[4.369204,51.908944],[4.369219,51.908868],[4.369282,51.908553],[4.369288,51.908521],[4.369289,51.908517],[4.369292,51.908502],[4.369297,51.908483],[4.369305,51.908457],[4.369372,51.90823],[4.369444,51.907988],[4.369451,51.907964],[4.369518,51.907737],[4.369585,51.907511],[4.369612,51.907429],[4.369693,51.907187],[4.369862,51.906665],[4.369919,51.906488],[4.369951,51.906392],[4.369796,51.905621],[4.369858,51.90553],[4.369858,51.905527],[4.369715,51.904819],[4.369742,51.904775],[4.369721,51.904683],[4.369702,51.904591],[4.369684,51.904499],[4.369667,51.904407],[4.369654,51.904328],[4.369641,51.904248],[4.369629,51.904169],[4.369617,51.90409],[4.369607,51.904004],[4.369598,51.903919],[4.36959,51.903834],[4.369587,51.903797],[4.369571,51.903594],[4.369559,51.903317],[4.369555,51.903083],[4.36956,51.902891],[4.369564,51.902839],[4.369622,51.902835],[4.369683,51.902189],[4.369693,51.902115],[4.369704,51.90204],[4.369716,51.901966],[4.369728,51.901892],[4.369743,51.901803],[4.36976,51.901714],[4.369778,51.901625],[4.369797,51.901536],[4.369817,51.901447],[4.369838,51.901358],[4.369861,51.901269],[4.369884,51.901181],[4.369908,51.901092],[4.369934,51.901004],[4.369961,51.900916],[4.369988,51.900828],[4.370017,51.90074],[4.370047,51.900652],[4.370078,51.900565],[4.37011,51.900477],[4.370143,51.90039],[4.370177,51.900303],[4.370212,51.900216],[4.370248,51.900129],[4.370286,51.900042],[4.370324,51.899956],[4.370364,51.899869],[4.370404,51.899783],[4.370446,51.899697],[4.370488,51.899611],[4.370532,51.899526],[4.370577,51.899441],[4.370623,51.899356],[4.370338,51.899376],[4.369568,51.899432],[4.368885,51.899498],[4.367929,51.899555],[4.367495,51.899574],[4.367197,51.899586],[4.366539,51.89961],[4.36565,51.899628],[4.365442,51.89963],[4.365233,51.899631],[4.365025,51.899632],[4.364816,51.899631],[4.364608,51.89963],[4.364399,51.899629],[4.364191,51.899626],[4.363982,51.899623],[4.363774,51.89962],[4.363566,51.899615],[4.363357,51.89961],[4.363149,51.899604],[4.362941,51.899597],[4.362732,51.89959],[4.362524,51.899582],[4.362316,51.899573],[4.362108,51.899564],[4.361901,51.899554],[4.361693,51.899543],[4.361485,51.899532],[4.361278,51.899519],[4.36107,51.899507],[4.360863,51.899493],[4.360656,51.899479],[4.360448,51.899464],[4.360241,51.899448],[4.360035,51.899431],[4.359828,51.899414],[4.359621,51.899396],[4.359415,51.899378],[4.359209,51.899359],[4.359003,51.899339],[4.358797,51.899318],[4.358592,51.899297],[4.358386,51.899275],[4.358181,51.899252],[4.357976,51.899229],[4.357771,51.899205],[4.357566,51.89918],[4.357362,51.899154],[4.357158,51.899128],[4.356953,51.899101],[4.356749,51.899074],[4.356545,51.899045],[4.356342,51.899016],[4.356139,51.898986],[4.355935,51.898956],[4.355733,51.898925],[4.35553,51.898893],[4.355328,51.89886],[4.355126,51.898827],[4.354924,51.898793],[4.354723,51.898759],[4.354522,51.898723],[4.354321,51.898687],[4.354121,51.898651],[4.353921,51.898613],[4.353721,51.898575],[4.353522,51.898537],[4.353323,51.898497],[4.353124,51.898457],[4.352926,51.898417],[4.352728,51.898375],[4.35253,51.898333],[4.352333,51.898291],[4.352136,51.898247],[4.35194,51.898203],[4.351744,51.898159],[4.351548,51.898113],[4.351353,51.898067],[4.351158,51.89802],[4.350964,51.897973],[4.35077,51.897925],[4.350576,51.897876],[4.350383,51.897827],[4.35019,51.897777],[4.349998,51.897726],[4.349798,51.89767],[4.348848,51.897405],[4.348676,51.897352],[4.347591,51.897023],[4.346379,51.896657],[4.344998,51.896266],[4.344123,51.896038],[4.343478,51.895875],[4.343314,51.895837],[4.342595,51.895669],[4.341114,51.89535],[4.341071,51.895342],[4.339739,51.895084],[4.338885,51.894938],[4.338089,51.894805],[4.336754,51.894613],[4.336684,51.894603],[4.335279,51.894429],[4.333844,51.894281],[4.332408,51.894178],[4.330957,51.894103],[4.329509,51.894063],[4.327995,51.89404],[4.326614,51.894063],[4.32516,51.894104],[4.32372,51.894172],[4.32225,51.894276],[4.320851,51.894452],[4.319597,51.894575],[4.319448,51.894589],[4.319424,51.894592],[4.317924,51.894743],[4.313291,51.895211],[4.308196,51.895691],[4.307491,51.895746],[4.306468,51.895832],[4.305462,51.89594],[4.304168,51.896092],[4.303017,51.896222],[4.302004,51.896331],[4.301042,51.896441],[4.299844,51.896584],[4.298406,51.896767],[4.296994,51.896962],[4.296373,51.897053],[4.295562,51.897172],[4.294615,51.897317],[4.294432,51.897345],[4.293435,51.897502],[4.292589,51.897643],[4.292092,51.897727],[4.291465,51.897849],[4.290492,51.898043],[4.289827,51.898174],[4.289385,51.898263],[4.288853,51.898373],[4.288689,51.898407],[4.287939,51.898561],[4.287255,51.898724],[4.286534,51.898896],[4.285587,51.89913],[4.284781,51.899342],[4.283863,51.899593],[4.28294,51.899849],[4.281886,51.900152],[4.280593,51.900555],[4.279292,51.90097],[4.278134,51.901351],[4.277107,51.901697],[4.275967,51.902092],[4.274966,51.90244],[4.27435,51.902669],[4.273608,51.902951],[4.272614,51.903322],[4.271616,51.903714],[4.271203,51.903883],[4.270398,51.90421],[4.269533,51.904558],[4.268423,51.904999],[4.267571,51.905335],[4.268394,51.905859],[4.269665,51.906664],[4.270247,51.907037],[4.270344,51.907099],[4.27038,51.907122],[4.270402,51.907136],[4.270412,51.907142],[4.270459,51.907173],[4.270479,51.907186],[4.270493,51.907194],[4.271127,51.907595],[4.271239,51.907666],[4.271298,51.907703],[4.271376,51.907753],[4.271392,51.907763],[4.271417,51.907779],[4.271682,51.907946],[4.271707,51.907962],[4.271873,51.908067],[4.271883,51.908074],[4.272032,51.908168],[4.272057,51.908184],[4.272486,51.908456],[4.273327,51.90897],[4.274276,51.909547],[4.274787,51.909861],[4.275028,51.910009],[4.275089,51.910046],[4.275965,51.910575],[4.276806,51.911087],[4.276952,51.911176],[4.276965,51.911184],[4.276972,51.911188],[4.277016,51.911216],[4.277016,51.911216],[4.277023,51.911221],[4.277053,51.91124],[4.277122,51.911285],[4.277229,51.911354],[4.277276,51.911383],[4.277681,51.911634],[4.27799,51.911825],[4.278061,51.911869],[4.278153,51.911927],[4.278215,51.911966],[4.279597,51.912828],[4.279926,51.913036],[4.285132,51.91632],[4.28528,51.916413],[4.285684,51.916668],[4.285743,51.916705],[4.285925,51.916821],[4.285935,51.916827],[4.285937,51.916828],[4.28595,51.916836],[4.285951,51.916836],[4.285954,51.916839],[4.285962,51.916843],[4.286088,51.916923],[4.286024,51.916933],[4.28617,51.917017],[4.286369,51.91713],[4.286379,51.917136],[4.286385,51.91714],[4.286441,51.917171],[4.286451,51.917178],[4.286494,51.917204],[4.28652,51.91722],[4.286521,51.91722],[4.286546,51.917236],[4.286557,51.917243],[4.286575,51.917254],[4.286583,51.917259],[4.286703,51.917333],[4.286724,51.917347],[4.286728,51.91735],[4.286748,51.917363],[4.287327,51.917747],[4.2876,51.917927],[4.28766,51.917966],[4.288295,51.918386],[4.288412,51.918463],[4.288413,51.918463],[4.288414,51.918464],[4.288417,51.918466],[4.288482,51.918509],[4.28926,51.919026],[4.289404,51.919122],[4.289474,51.919168],[4.289659,51.91929],[4.289901,51.91945],[4.28997,51.919496],[4.29049,51.91984],[4.291008,51.920181],[4.291393,51.920434],[4.29205,51.920867],[4.29213,51.920919],[4.292144,51.920929],[4.292198,51.920965],[4.292498,51.921162],[4.292611,51.921236],[4.29265,51.921263],[4.292651,51.921263],[4.292954,51.921468],[4.293272,51.921683],[4.293324,51.921718],[4.293506,51.921841],[4.293524,51.921853],[4.293561,51.921881],[4.29357,51.921888],[4.293854,51.922074],[4.29408,51.922221],[4.294434,51.922446],[4.294894,51.92276],[4.295073,51.922878],[4.295425,51.923111],[4.295907,51.923433],[4.296518,51.923837],[4.29751,51.924494],[4.297518,51.9245],[4.297574,51.924537],[4.297645,51.924584],[4.297646,51.924584],[4.299364,51.925718],[4.299366,51.925719],[4.299371,51.925723],[4.299377,51.925726],[4.300243,51.926298],[4.300371,51.926382],[4.300622,51.926546],[4.300627,51.926549],[4.300627,51.926549],[4.300627,51.92655],[4.300831,51.926683],[4.301225,51.926932],[4.301632,51.927203],[4.30189,51.927373],[4.301952,51.927414],[4.302837,51.928001],[4.303234,51.92826],[4.303793,51.92863],[4.304454,51.929067],[4.304487,51.929089],[4.304503,51.9291],[4.304596,51.929165],[4.30479,51.929301],[4.305517,51.929775],[4.306551,51.930451],[4.307604,51.931148],[4.307761,51.931243],[4.307775,51.931251],[4.307804,51.931268],[4.307836,51.931289],[4.308072,51.931441],[4.308192,51.931518],[4.308286,51.931579],[4.308395,51.931652],[4.308482,51.931709],[4.308517,51.931728],[4.30853,51.931736],[4.308573,51.93176],[4.308684,51.931825],[4.308822,51.931904],[4.308943,51.931976],[4.309083,51.932057],[4.309231,51.932144],[4.309342,51.932209],[4.309476,51.932289],[4.309606,51.932366],[4.309638,51.932386],[4.30966,51.9324],[4.309788,51.93249],[4.309906,51.932574],[4.310019,51.932654],[4.310112,51.932718],[4.310162,51.932753],[4.310217,51.932791],[4.310253,51.932815],[4.31031,51.932851],[4.310355,51.932879],[4.310418,51.93292],[4.310479,51.93296],[4.310542,51.933],[4.310624,51.933051],[4.310703,51.933098],[4.310816,51.933169],[4.31091,51.93323],[4.311017,51.933296],[4.311104,51.93335],[4.311183,51.9334],[4.311466,51.93357],[4.311583,51.933642],[4.312142,51.933984],[4.312361,51.934115],[4.312645,51.934283],[4.313091,51.934541],[4.313693,51.93489],[4.313747,51.934933],[4.313792,51.934979],[4.313843,51.935053],[4.313892,51.935128],[4.313952,51.935228],[4.31401,51.93533],[4.314073,51.935468],[4.314122,51.935578],[4.314122,51.93558],[4.314121,51.935587],[4.314119,51.93562],[4.31413,51.935662],[4.314144,51.935712],[4.314207,51.935834],[4.31427,51.935957],[4.314471,51.936347],[4.314544,51.936449],[4.314688,51.93662],[4.314843,51.93681],[4.315002,51.936991],[4.315492,51.937529],[4.315511,51.93755],[4.31553,51.937576],[4.315573,51.937618],[4.315634,51.937643],[4.316016,51.937881],[4.316092,51.937926],[4.316158,51.93796],[4.316659,51.938194],[4.317297,51.938556],[4.317492,51.938802],[4.317927,51.938976],[4.318198,51.93917],[4.318324,51.939269],[4.31886,51.939743],[4.319102,51.939928],[4.319508,51.94022],[4.31992,51.940544],[4.320128,51.940608],[4.320558,51.94091],[4.320623,51.94098],[4.321692,51.94176],[4.321986,51.941995],[4.32227,51.94222],[4.322276,51.942225],[4.322288,51.942234],[4.322301,51.942245],[4.322315,51.942256],[4.322334,51.942271],[4.322337,51.942273],[4.322364,51.942295],[4.322376,51.942304],[4.322377,51.942304],[4.322444,51.942358],[4.322459,51.942369],[4.3225,51.942402],[4.322539,51.942433],[4.322577,51.942463],[4.322688,51.94255],[4.322723,51.942578],[4.322893,51.942712],[4.322905,51.942699],[4.322906,51.942698],[4.323218,51.942357],[4.323873,51.94164],[4.324126,51.94173],[4.324144,51.941736],[4.324163,51.941743],[4.324179,51.941748],[4.324397,51.941835],[4.324418,51.941843],[4.324459,51.941864],[4.324461,51.941865],[4.32455,51.94191],[4.324615,51.941943],[4.324772,51.942026],[4.324889,51.942045],[4.325019,51.942049],[4.325236,51.942104],[4.325466,51.942189],[4.325736,51.942228],[4.325813,51.942279],[4.325937,51.94242],[4.326006,51.942465],[4.326083,51.942488],[4.326249,51.942503],[4.326342,51.942527],[4.326468,51.942578],[4.326844,51.94278],[4.327212,51.942944],[4.327353,51.942983],[4.327757,51.943043],[4.327822,51.943057],[4.327918,51.943117],[4.327992,51.943184],[4.328148,51.943269],[4.328343,51.943332],[4.328454,51.943357],[4.328515,51.943395],[4.32862,51.943487],[4.328974,51.943638],[4.32954,51.943811],[4.329757,51.943899],[4.329794,51.943918],[4.330126,51.944086],[4.330306,51.944153],[4.330714,51.944241],[4.330787,51.944257],[4.331019,51.944315],[4.331399,51.944503],[4.332461,51.944888],[4.332878,51.945012],[4.333292,51.945237],[4.333414,51.945266],[4.333627,51.945288],[4.333811,51.945343],[4.333934,51.94541],[4.334063,51.945511],[4.334256,51.94558],[4.334669,51.945691],[4.335388,51.945964],[4.33646,51.946434],[4.335549,51.946974],[4.33553,51.946994],[4.335586,51.947024],[4.336278,51.947286],[4.336556,51.947397],[4.337097,51.947566],[4.337425,51.94763],[4.337829,51.947758],[4.337947,51.947784],[4.338112,51.947851],[4.338431,51.948007],[4.33862,51.948071],[4.338767,51.948087],[4.338774,51.948088],[4.338841,51.948095],[4.338842,51.94807],[4.338867,51.948064],[4.338879,51.948067],[4.340304,51.948534],[4.340823,51.948692],[4.341328,51.948824],[4.341528,51.948952],[4.341659,51.948993],[4.341827,51.948997],[4.341942,51.94897],[4.342013,51.948943],[4.342078,51.948939],[4.342231,51.948981],[4.342404,51.949053],[4.342556,51.949153],[4.34259,51.949185],[4.342683,51.949273],[4.342834,51.949341],[4.343031,51.949401],[4.34338,51.949479],[4.343626,51.949567],[4.343711,51.94959],[4.344028,51.949623],[4.344161,51.949651],[4.344554,51.949783],[4.344926,51.949798],[4.34499,51.94981],[4.345282,51.949963],[4.345463,51.950022],[4.345571,51.950017],[4.345657,51.950016],[4.345739,51.950046],[4.34589,51.950113],[4.346124,51.950183],[4.346633,51.950296],[4.346898,51.950384],[4.347156,51.950438],[4.347498,51.95054],[4.34806,51.950771],[4.348576,51.950912],[4.349147,51.951056],[4.349319,51.951134],[4.349743,51.951185],[4.350138,51.951395],[4.350483,51.951456],[4.350671,51.951507],[4.350685,51.951489],[4.350689,51.951483],[4.350689,51.951482],[4.351319,51.950639],[4.351651,51.950195],[4.353915,51.947164],[4.353917,51.947161],[4.353953,51.947112],[4.353963,51.947099],[4.353992,51.94706],[4.354227,51.946744],[4.354751,51.946046],[4.355216,51.945423],[4.355829,51.944608],[4.356405,51.943848],[4.356426,51.943821],[4.356438,51.943805],[4.35702,51.943036],[4.358539,51.940989],[4.358912,51.940686],[4.359141,51.94042],[4.359434,51.940067],[4.359477,51.940014],[4.359579,51.939892],[4.359911,51.939464],[4.360039,51.939303],[4.360409,51.9388],[4.360508,51.938666],[4.36068,51.93842],[4.360772,51.938286],[4.360852,51.938171],[4.360984,51.93797],[4.361061,51.937854],[4.36121,51.937611],[4.361454,51.937213],[4.361505,51.937129],[4.361574,51.937011],[4.361868,51.936467],[4.361979,51.936224],[4.361981,51.936221],[4.362027,51.936127],[4.362074,51.936028],[4.362087,51.936001],[4.362178,51.935813],[4.362198,51.935771],[4.362203,51.93576],[4.362256,51.935637],[4.362257,51.935632],[4.362569,51.934907],[4.362628,51.934745],[4.362703,51.934544],[4.362887,51.934051],[4.363109,51.933348],[4.363134,51.933268],[4.363205,51.933009],[4.363224,51.932936],[4.363271,51.932753],[4.363388,51.932305],[4.363411,51.932186],[4.36347,51.931885],[4.363491,51.931791],[4.363511,51.931698],[4.36353,51.931604],[4.363548,51.93151],[4.363565,51.931421],[4.363581,51.931332],[4.363596,51.931242],[4.363609,51.931153],[4.363616,51.931118],[4.363621,51.931083],[4.363626,51.93105],[4.363631,51.931017],[4.363791,51.929157],[4.363803,51.929022],[4.363829,51.928719],[4.36387,51.928264],[4.363884,51.928118],[4.36389,51.928051],[4.363906,51.927864],[4.363915,51.927763],[4.363922,51.927687],[4.363619,51.927579],[4.36339,51.927497],[4.363235,51.927435],[4.362973,51.927315],[4.362756,51.927196],[4.362434,51.926991],[4.361826,51.926571],[4.361827,51.926566],[4.36195,51.925729],[4.362002,51.925382],[4.362192,51.924095],[4.362342,51.924038],[4.362422,51.923998],[4.362459,51.92398],[4.362594,51.923915],[4.362773,51.923813],[4.362832,51.923782],[4.362835,51.923779],[4.362924,51.923715],[4.362989,51.923669],[4.36308,51.923604]]]}},{"type":"Feature","properties":{"municipality":"Schiedam","code":"GM0606"},"geometry":{"type":"MultiLineString","coordinates":[[[4.409075,51.91205],[4.409543,51.910413],[4.409999,51.909852],[4.410074,51.909876],[4.410118,51.90989],[4.410161,51.909903],[4.411346,51.910273],[4.412743,51.908545],[4.412744,51.908544],[4.413446,51.907679],[4.413436,51.907621],[4.413417,51.907545],[4.413408,51.907516],[4.413398,51.907486],[4.413387,51.907457],[4.413374,51.907428],[4.413361,51.907399],[4.413347,51.90737],[4.413331,51.907341],[4.413315,51.907313],[4.413298,51.907284],[4.413617,51.906885],[4.413619,51.906882],[4.41406,51.90649],[4.415345,51.905345],[4.415395,51.90528],[4.415677,51.905025],[4.412338,51.902421],[4.41371,51.900755],[4.413679,51.900748],[4.41084,51.900112],[4.409757,51.899868],[4.409713,51.899858],[4.408017,51.899476],[4.407958,51.899463],[4.402138,51.898156],[4.399034,51.897417],[4.398632,51.897342],[4.398126,51.897251],[4.3976,51.897166],[4.397011,51.897078],[4.396385,51.896994],[4.395758,51.896926],[4.394992,51.896849],[4.39342,51.896736],[4.391978,51.896687],[4.391574,51.896681],[4.391013,51.896679],[4.390387,51.896689],[4.389757,51.896706],[4.389144,51.896733],[4.388511,51.896768],[4.388344,51.896779],[4.387617,51.896846],[4.384823,51.897179],[4.382036,51.897626],[4.380173,51.897925],[4.379005,51.898113],[4.377838,51.898302],[4.375092,51.898746],[4.373795,51.898956],[4.373123,51.899054],[4.37239,51.899158],[4.372316,51.899168],[4.372223,51.899179],[4.372137,51.899188],[4.371077,51.899309],[4.37103,51.899314],[4.370681,51.899351],[4.370623,51.899356],[4.370577,51.899441],[4.370532,51.899526],[4.370488,51.899611],[4.370446,51.899697],[4.370404,51.899783],[4.370364,51.899869],[4.370324,51.899956],[4.370286,51.900042],[4.370248,51.900129],[4.370212,51.900216],[4.370177,51.900303],[4.370143,51.90039],[4.37011,51.900477],[4.370078,51.900565],[4.370047,51.900652],[4.370017,51.90074],[4.369988,51.900828],[4.369961,51.900916],[4.369934,51.901004],[4.369908,51.901092],[4.369884,51.901181],[4.369861,51.901269],[4.369838,51.901358],[4.369817,51.901447],[4.369797,51.901536],[4.369778,51.901625],[4.36976,51.901714],[4.369743,51.901803],[4.369728,51.901892],[4.369716,51.901966],[4.369704,51.90204],[4.369693,51.902115],[4.369683,51.902189],[4.369622,51.902835],[4.369564,51.902839],[4.36956,51.902891],[4.369555,51.903083],[4.369559,51.903317],[4.369571,51.903594],[4.369587,51.903797],[4.36959,51.903834],[4.369598,51.903919],[4.369607,51.904004],[4.369617,51.90409],[4.369629,51.904169],[4.369641,51.904248],[4.369654,51.904328],[4.369667,51.904407],[4.369684,51.904499],[4.369702,51.904591],[4.369721,51.904683],[4.369742,51.904775],[4.369715,51.904819],[4.369858,51.905527],[4.369858,51.90553],[4.369796,51.905621],[4.369951,51.906392],[4.369919,51.906488],[4.369862,51.906665],[4.369693,51.907187],[4.369612,51.907429],[4.369585,51.907511],[4.369518,51.907737],[4.369451,51.907964],[4.369444,51.907988],[4.369372,51.90823],[4.369305,51.908457],[4.369297,51.908483],[4.369292,51.908502],[4.369289,51.908517],[4.369288,51.908521],[4.369282,51.908553],[4.369219,51.908868],[4.369204,51.908944],[4.369204,51.908946],[4.369196,51.908986],[4.369193,51.908996],[4.369154,51.909136],[4.369163,51.909178],[4.369133,51.909217],[4.368917,51.909995],[4.368766,51.910559],[4.368733,51.910683],[4.368707,51.91078],[4.368686,51.910856],[4.368514,51.911473],[4.36847,51.911631],[4.368459,51.911682],[4.368457,51.911688],[4.36836,51.911984],[4.368023,51.912568],[4.367581,51.913331],[4.367424,51.913601],[4.36738,51.913678],[4.36738,51.913678],[4.367378,51.913683],[4.367361,51.913723],[4.367303,51.913864],[4.367302,51.913867],[4.367268,51.913948],[4.367238,51.914021],[4.367237,51.914024],[4.367236,51.914025],[4.367226,51.914052],[4.367172,51.914181],[4.367166,51.914196],[4.367099,51.914357],[4.366787,51.915112],[4.366523,51.915068],[4.366438,51.915054],[4.366327,51.915484],[4.366265,51.915758],[4.366209,51.916027],[4.366177,51.916209],[4.366148,51.916437],[4.366127,51.9166],[4.366097,51.916787],[4.366068,51.917307],[4.366048,51.917625],[4.366041,51.917699],[4.366035,51.917759],[4.365953,51.918579],[4.365927,51.918889],[4.365892,51.919397],[4.365768,51.920665],[4.36572,51.920912],[4.365513,51.921546],[4.365502,51.921567],[4.365483,51.92161],[4.365448,51.921673],[4.365405,51.921725],[4.36537,51.921758],[4.36532,51.921808],[4.364555,51.922449],[4.364388,51.922599],[4.364165,51.922813],[4.363993,51.922948],[4.363787,51.923096],[4.363711,51.923151],[4.363552,51.923265],[4.36308,51.923604],[4.362989,51.923669],[4.362924,51.923715],[4.362835,51.923779],[4.362832,51.923782],[4.362773,51.923813],[4.362594,51.923915],[4.362459,51.92398],[4.362422,51.923998],[4.362342,51.924038],[4.362192,51.924095],[4.362002,51.925382],[4.36195,51.925729],[4.361827,51.926566],[4.361826,51.926571],[4.362434,51.926991],[4.362756,51.927196],[4.362973,51.927315],[4.363235,51.927435],[4.36339,51.927497],[4.363619,51.927579],[4.363922,51.927687],[4.363915,51.927763],[4.363906,51.927864],[4.36389,51.928051],[4.363884,51.928118],[4.36387,51.928264],[4.363829,51.928719],[4.363803,51.929022],[4.363791,51.929157],[4.363631,51.931017],[4.363626,51.93105],[4.363621,51.931083],[4.363616,51.931118],[4.363609,51.931153],[4.363596,51.931242],[4.363581,51.931332],[4.363565,51.931421],[4.363548,51.93151],[4.36353,51.931604],[4.363511,51.931698],[4.363491,51.931791],[4.36347,51.931885],[4.363411,51.932186],[4.363388,51.932305],[4.363271,51.932753],[4.363224,51.932936],[4.363205,51.933009],[4.363134,51.933268],[4.363109,51.933348],[4.362887,51.934051],[4.362703,51.934544],[4.362628,51.934745],[4.362569,51.934907],[4.362257,51.935632],[4.362256,51.935637],[4.362203,51.93576],[4.362198,51.935771],[4.362178,51.935813],[4.362087,51.936001],[4.362074,51.936028],[4.362027,51.936127],[4.361981,51.936221],[4.361979,51.936224],[4.361868,51.936467],[4.361574,51.937011],[4.361505,51.937129],[4.361454,51.937213],[4.36121,51.937611],[4.361061,51.937854],[4.360984,51.93797],[4.360852,51.938171],[4.360772,51.938286],[4.36068,51.93842],[4.360508,51.938666],[4.360409,51.9388],[4.360039,51.939303],[4.359911,51.939464],[4.359579,51.939892],[4.359477,51.940014],[4.359434,51.940067],[4.359141,51.94042],[4.358912,51.940686],[4.358539,51.940989],[4.35702,51.943036],[4.356438,51.943805],[4.356426,51.943821],[4.356405,51.943848],[4.355829,51.944608],[4.355216,51.945423],[4.354751,51.946046],[4.354227,51.946744],[4.353992,51.94706],[4.353963,51.947099],[4.353953,51.947112],[4.353917,51.947161],[4.353915,51.947164],[4.351651,51.950195],[4.351319,51.950639],[4.350689,51.951482],[4.350689,51.951483],[4.350685,51.951489],[4.350671,51.951507],[4.350973,51.951587],[4.351046,51.951608],[4.351047,51.951608],[4.351154,51.951638],[4.351154,51.951638],[4.351171,51.951642],[4.351172,51.951642],[4.351272,51.951632],[4.351289,51.951632],[4.351311,51.951633],[4.351544,51.951643],[4.351646,51.951697],[4.351651,51.951699],[4.351722,51.951737],[4.351724,51.951737],[4.351774,51.951764],[4.351779,51.951765],[4.352188,51.95187],[4.352358,51.951905],[4.352358,51.951905],[4.352557,51.951947],[4.352543,51.951974],[4.352592,51.951995],[4.352826,51.9521],[4.35298,51.952154],[4.353046,51.952165],[4.353047,51.952165],[4.353103,51.952174],[4.353122,51.952177],[4.35313,51.952179],[4.353503,51.952241],[4.353646,51.952277],[4.353904,51.952355],[4.3544,51.952417],[4.35445,51.952432],[4.354788,51.952604],[4.355095,51.952684],[4.355224,51.952693],[4.355405,51.952682],[4.355484,51.952689],[4.355513,51.952692],[4.355779,51.95278],[4.356226,51.952885],[4.356491,51.952935],[4.357548,51.95313],[4.357739,51.953223],[4.357992,51.953276],[4.358642,51.953444],[4.359148,51.953517],[4.359464,51.953588],[4.359772,51.953677],[4.359893,51.953681],[4.360058,51.953697],[4.36016,51.953737],[4.360273,51.953786],[4.360459,51.953828],[4.360923,51.953905],[4.361468,51.954019],[4.36189,51.954071],[4.362152,51.95417],[4.36259,51.954318],[4.363125,51.954436],[4.363738,51.954526],[4.364312,51.954668],[4.365082,51.954834],[4.36576,51.954985],[4.365875,51.955002],[4.366377,51.955077],[4.367071,51.95522],[4.367046,51.955265],[4.366981,51.955382],[4.366966,51.955409],[4.366475,51.956296],[4.366011,51.957044],[4.36557,51.957724],[4.365568,51.957728],[4.365552,51.957754],[4.365545,51.957765],[4.365492,51.957851],[4.365486,51.95786],[4.365268,51.958213],[4.364706,51.959061],[4.36351,51.960871],[4.363533,51.960874],[4.363538,51.960874],[4.364177,51.960968],[4.364346,51.960993],[4.364353,51.960994],[4.364355,51.960994],[4.36441,51.961002],[4.364461,51.961009],[4.364511,51.961017],[4.364526,51.961019],[4.364527,51.961019],[4.364548,51.961022],[4.364703,51.961045],[4.364865,51.961069],[4.364904,51.961074],[4.364925,51.961077],[4.365103,51.961106],[4.369192,51.961769],[4.371649,51.962168],[4.372956,51.96238],[4.373497,51.962468],[4.373687,51.962515],[4.373722,51.962522],[4.373763,51.962531],[4.3738,51.962539],[4.373843,51.962547],[4.373877,51.962553],[4.373978,51.962567],[4.374054,51.96258],[4.374097,51.962587],[4.374159,51.962601],[4.374208,51.96261],[4.374276,51.962618],[4.374349,51.962627],[4.374387,51.962633],[4.374435,51.962646],[4.374579,51.962697],[4.374695,51.962689],[4.374724,51.962687],[4.374869,51.962678],[4.374877,51.962675],[4.374892,51.962678],[4.375713,51.962814],[4.376537,51.962953],[4.378771,51.96332],[4.379113,51.963375],[4.379309,51.963407],[4.37962,51.962861],[4.37966,51.962788],[4.379821,51.962499],[4.379875,51.962401],[4.37988,51.962392],[4.379897,51.962359],[4.379917,51.962322],[4.380256,51.961685],[4.380699,51.960852],[4.381032,51.960228],[4.381032,51.960226],[4.381149,51.960006],[4.381363,51.959592],[4.381668,51.959002],[4.38167,51.958997],[4.381671,51.958995],[4.381895,51.958603],[4.381905,51.958584],[4.381922,51.958554],[4.382055,51.958307],[4.382328,51.9578],[4.38233,51.957797],[4.382347,51.957764],[4.382364,51.957733],[4.382415,51.957638],[4.382514,51.957453],[4.382847,51.956867],[4.382913,51.956751],[4.383345,51.955928],[4.383628,51.955388],[4.383743,51.955174],[4.38397,51.954751],[4.383979,51.954734],[4.384001,51.954693],[4.384023,51.954652],[4.38404,51.95462],[4.384433,51.953889],[4.384439,51.953878],[4.38444,51.953876],[4.384454,51.95385],[4.384669,51.953449],[4.384765,51.95327],[4.384889,51.953038],[4.385102,51.952641],[4.385614,51.951685],[4.385617,51.95168],[4.386229,51.950537],[4.386302,51.9504],[4.386658,51.949752],[4.386962,51.949197],[4.387074,51.948992],[4.387165,51.948826],[4.387165,51.948826],[4.387523,51.948172],[4.387538,51.948145],[4.387548,51.948127],[4.387556,51.948112],[4.387567,51.948093],[4.387591,51.948049],[4.387658,51.947927],[4.38783,51.947613],[4.387831,51.947611],[4.387947,51.947399],[4.387949,51.947396],[4.387971,51.947355],[4.388116,51.947066],[4.388136,51.947028],[4.388173,51.946953],[4.388203,51.946894],[4.388258,51.946784],[4.388302,51.946696],[4.388311,51.946679],[4.388423,51.946456],[4.388423,51.946456],[4.388423,51.946455],[4.388425,51.946452],[4.388426,51.94645],[4.388426,51.946449],[4.388536,51.946231],[4.388536,51.946231],[4.38891,51.94553],[4.388933,51.945535],[4.389306,51.945619],[4.389333,51.945626],[4.389501,51.945589],[4.389599,51.94552],[4.389672,51.945472],[4.389752,51.945497],[4.389767,51.945502],[4.389821,51.945519],[4.389849,51.945528],[4.389851,51.945528],[4.389925,51.945551],[4.389939,51.945556],[4.39016,51.94563],[4.390634,51.945789],[4.392407,51.946423],[4.393964,51.946979],[4.393966,51.946979],[4.394057,51.947012],[4.394352,51.94711],[4.394781,51.947016],[4.394851,51.947001],[4.395142,51.946937],[4.395165,51.946932],[4.395188,51.946927],[4.395151,51.946857],[4.395132,51.946824],[4.395074,51.946724],[4.394921,51.946458],[4.394379,51.945518],[4.393669,51.944613],[4.393523,51.944523],[4.393478,51.944465],[4.393448,51.94426],[4.393876,51.944119],[4.394063,51.944093],[4.394216,51.943999],[4.394977,51.942909],[4.395006,51.942892],[4.397778,51.941302],[4.397865,51.941251],[4.398472,51.940819],[4.39874,51.940608],[4.399256,51.940253],[4.399376,51.94016],[4.399512,51.940075],[4.399654,51.939962],[4.399789,51.939871],[4.400096,51.939669],[4.400381,51.939483],[4.40047,51.93944],[4.400783,51.93924],[4.401274,51.93918],[4.401554,51.939164],[4.401755,51.939153],[4.401777,51.939152],[4.401924,51.939056],[4.402034,51.938984],[4.402115,51.938931],[4.402128,51.938918],[4.402151,51.938897],[4.40209,51.938435],[4.402123,51.938402],[4.402161,51.938373],[4.40392,51.937253],[4.405822,51.937861],[4.406075,51.937801],[4.406519,51.937953],[4.408518,51.938637],[4.409317,51.937981],[4.410803,51.938268],[4.410894,51.938298],[4.410946,51.938315],[4.411697,51.938561],[4.411808,51.938598],[4.413207,51.939058],[4.413814,51.939386],[4.414188,51.939613],[4.414557,51.940114],[4.415459,51.940736],[4.415462,51.940738],[4.415492,51.940759],[4.415526,51.940718],[4.416381,51.939688],[4.41642,51.939641],[4.416437,51.939619],[4.416445,51.939611],[4.416445,51.93961],[4.416525,51.939513],[4.416582,51.939514],[4.416644,51.939467],[4.417211,51.938961],[4.417336,51.938843],[4.417358,51.938823],[4.417404,51.938778],[4.417405,51.938777],[4.417405,51.938777],[4.417525,51.93866],[4.417713,51.938477],[4.417635,51.938439],[4.417537,51.938392],[4.417454,51.938353],[4.41735,51.938303],[4.417012,51.938252],[4.417005,51.938251],[4.416751,51.938213],[4.416588,51.938166],[4.416548,51.938155],[4.416464,51.938133],[4.41646,51.938137],[4.416356,51.938093],[4.416312,51.938075],[4.416308,51.938077],[4.416275,51.938063],[4.416237,51.938048],[4.416238,51.938045],[4.416178,51.938022],[4.416176,51.938021],[4.41588,51.937897],[4.41582,51.937872],[4.415586,51.937774],[4.415286,51.937635],[4.415271,51.937628],[4.415086,51.937541],[4.414856,51.937422],[4.414829,51.937408],[4.414828,51.937407],[4.414779,51.937382],[4.414762,51.937374],[4.414679,51.937336],[4.414478,51.937249],[4.413996,51.937034],[4.41378,51.936936],[4.413555,51.936836],[4.413486,51.936807],[4.41342,51.936782],[4.413357,51.936761],[4.413303,51.936743],[4.413231,51.936721],[4.413156,51.9367],[4.413087,51.936684],[4.413021,51.936674],[4.412954,51.936663],[4.412808,51.936646],[4.412738,51.936642],[4.412646,51.936637],[4.412581,51.936635],[4.412447,51.936633],[4.412112,51.93663],[4.412099,51.93663],[4.411911,51.936628],[4.41186,51.936627],[4.411537,51.93662],[4.411526,51.93662],[4.411402,51.936618],[4.411269,51.936613],[4.411089,51.936603],[4.410914,51.936592],[4.410687,51.93657],[4.410505,51.936542],[4.410359,51.936509],[4.410187,51.936469],[4.410018,51.936416],[4.409893,51.936373],[4.409811,51.936339],[4.409671,51.93627],[4.409563,51.936207],[4.409553,51.936212],[4.409465,51.936152],[4.409474,51.936145],[4.409329,51.936036],[4.40924,51.935956],[4.409145,51.935863],[4.409126,51.935841],[4.409049,51.935746],[4.409009,51.935682],[4.408958,51.935568],[4.408887,51.93536],[4.408865,51.935253],[4.408849,51.935186],[4.408802,51.935176],[4.408797,51.935133],[4.408846,51.935117],[4.408812,51.934787],[4.408809,51.934749],[4.40879,51.934569],[4.408762,51.934394],[4.408733,51.934264],[4.408656,51.934029],[4.408535,51.933673],[4.408494,51.933554],[4.408445,51.933389],[4.408394,51.933214],[4.408353,51.933063],[4.408302,51.93287],[4.408244,51.932622],[4.408218,51.932475],[4.408192,51.932304],[4.408178,51.932187],[4.408165,51.932043],[4.408157,51.931924],[4.408147,51.931808],[4.408154,51.931664],[4.408165,51.931473],[4.408173,51.931414],[4.40819,51.931335],[4.408207,51.93127],[4.408236,51.931184],[4.408267,51.931108],[4.408294,51.931057],[4.408343,51.930968],[4.408394,51.930881],[4.408506,51.930723],[4.408567,51.930644],[4.408591,51.930611],[4.408671,51.930518],[4.408735,51.930457],[4.408822,51.930376],[4.408991,51.930233],[4.409083,51.930152],[4.409121,51.930117],[4.409253,51.929974],[4.409325,51.929895],[4.409408,51.929806],[4.409429,51.929784],[4.409589,51.929597],[4.409668,51.929504],[4.409708,51.929448],[4.409769,51.929357],[4.409856,51.929156],[4.409875,51.929113],[4.409953,51.929135],[4.4103,51.929234],[4.410349,51.929248],[4.410496,51.929292],[4.412134,51.927104],[4.413563,51.925199],[4.415159,51.923072],[4.415235,51.92297],[4.415322,51.922974],[4.415452,51.922979],[4.415573,51.922985],[4.415715,51.922992],[4.415872,51.923003],[4.416047,51.923015],[4.416148,51.923023],[4.416186,51.923026],[4.416325,51.923038],[4.416435,51.923048],[4.416548,51.92306],[4.416562,51.923061],[4.416583,51.923063],[4.416627,51.923068],[4.416643,51.92307],[4.416745,51.923084],[4.416831,51.9231],[4.416831,51.923095],[4.416831,51.923075],[4.416843,51.922624],[4.417012,51.922522],[4.417015,51.922414],[4.417016,51.922393],[4.417017,51.922342],[4.417052,51.920938],[4.417052,51.920937],[4.417052,51.92091],[4.417054,51.920824],[4.417063,51.920459],[4.417064,51.920424],[4.417064,51.920418],[4.417066,51.92034],[4.417069,51.920248],[4.417073,51.920083],[4.417076,51.919957],[4.416951,51.919549],[4.416645,51.918547],[4.416346,51.91757],[4.415842,51.915923],[4.415697,51.915938],[4.415252,51.914484],[4.415152,51.91449],[4.415081,51.914494],[4.413765,51.914575],[4.413601,51.914585],[4.413563,51.914316],[4.413562,51.914315],[4.413506,51.913953],[4.4135,51.913913],[4.412806,51.91392],[4.41279,51.91392],[4.412783,51.91392],[4.412777,51.91392],[4.41277,51.913919],[4.412764,51.913918],[4.412759,51.913918],[4.412752,51.913917],[4.412746,51.913916],[4.412739,51.913914],[4.412732,51.913912],[4.412723,51.91391],[4.412715,51.913907],[4.412708,51.913904],[4.412701,51.913901],[4.412693,51.913897],[4.412686,51.913892],[4.412679,51.913888],[4.412673,51.913883],[4.412668,51.913879],[4.412662,51.913872],[4.412554,51.913739],[4.412544,51.913726],[4.412539,51.91372],[4.412528,51.913704],[4.412523,51.913696],[4.412516,51.913681],[4.412512,51.913672],[4.412508,51.913664],[4.412505,51.913656],[4.412501,51.913644],[4.41245,51.913415],[4.412434,51.913382],[4.412392,51.913295],[4.412381,51.913297],[4.412369,51.913298],[4.412356,51.913298],[4.412342,51.913298],[4.412329,51.913297],[4.412314,51.913295],[4.412301,51.913292],[4.412288,51.913289],[4.412277,51.913285],[4.412265,51.91328],[4.412257,51.913276],[4.412253,51.913274],[4.412244,51.913268],[4.412229,51.913256],[4.412219,51.913248],[4.41221,51.913239],[4.4122,51.91323],[4.412189,51.913222],[4.412178,51.913214],[4.412167,51.913206],[4.412154,51.913197],[4.412137,51.913187],[4.412118,51.913177],[4.412101,51.913168],[4.412082,51.913159],[4.412063,51.913152],[4.412045,51.913145],[4.412026,51.913138],[4.41201,51.913133],[4.411829,51.913066],[4.409159,51.912081],[4.409075,51.91205]]]}}]}